batch,n,address,city,state,zip,operating_by,cbsa
1,1,2400 ROMIG ROAD,AKRON,OH,44320,2022-06-21,"Akron, OH"
1,2,290 EAST EXCHANGE STREET,AKRON,OH,44304,2022-06-29,"Akron, OH"
1,3,2450 ROMIG ROAD,AKRON,OH,44320,2022-10-07,"Akron, OH"
1,4,705 BOULDER DRIVE,BREINIGSVILLE,PA,18031,2011-06-09,"Allentown-Bethlehem-Easton, PA-NJ"
1,5,8590 NE 24TH AVE,AMARILLO,TX,79108,2023-05-03,"Amarillo, TX"
1,6,5900 OLD SEWARD HIGHWAY,ANCHORAGE,AK,99518,2024-11-13,"Anchorage, AK"
1,7,W6331 WALLY WAY,GREENVILLE,WI,54942,2024-07-10,"Appleton, WI"
1,8,4905 DERRICK ROAD SOUTHWEST AMAZON MGE8 SORTATION CENTER,ATLANTA,GA,30349,2021-05-28,"Atlanta-Sandy Springs-Roswell, GA"
1,9,5115 STONEWALL TELL RD,ATLANTA,GA,30349,2023-05-12,"Atlanta-Sandy Springs-Roswell, GA"
1,10,5000 LANIER ISLANDS PARKWAY,BUFORD,GA,30518,2023-08-17,"Atlanta-Sandy Springs-Roswell, GA"
1,11,5115 STONEWALL TELL ROAD,COLLEGE PARK,GA,30349,2024-01-17,"Atlanta-Sandy Springs-Roswell, GA"
1,12,4200 N COMMERCE DR,EAST POINT,GA,30344,2024-07-10,"Atlanta-Sandy Springs-Roswell, GA"
1,13,280 BRIDGEPORT BOULEVARD,NEWNAN,GA,30263,2023-07-19,"Atlanta-Sandy Springs-Roswell, GA"
1,14,4800 HIGHLANDS PARKWAY,SMYRNA,GA,30082,2019-08-06,"Atlanta-Sandy Springs-Roswell, GA"
1,15,4905 DERRICK RD,SOUTH FULTON,GA,30349,2026-01-14,"Atlanta-Sandy Springs-Roswell, GA"
1,16,2255 WEST PARK PLACE BLVD.,STONE MOUNTAIN,GA,30087,2022-03-09,"Atlanta-Sandy Springs-Roswell, GA"
1,17,6855 SHANNON PKWY,UNION CITY,GA,30291,2022-11-29,"Atlanta-Sandy Springs-Roswell, GA"
1,18,6400 BUFFINGTON ROAD,UNION CITY,GA,30291,2024-03-20,"Atlanta-Sandy Springs-Roswell, GA"
1,19,310 N. PRAGUE AVENUE,EGG HARBOR CITY,NJ,08215,2021-10-27,"Atlantic City-Hammonton, NJ"
1,20,1601 PETROL ROAD,BAKERSFIELD,CA,93308,2022-08-15,"Bakersfield-Delano, CA"
1,21,4300 EXPRESS AVE,SHAFTER,CA,93263,2025-11-04,"Bakersfield-Delano, CA"
1,22,4500 EXPRESS AVE.,SHAFTER,CA,93263,2026-06-11,"Bakersfield-Delano, CA"
1,23,913 OLD PHILADELPHIA ROAD,ABERDEEN,MD,21001,2024-01-24,"Baltimore-Columbia-Towson, MD"
1,24,2010 BROENING HIGHWAY,BALTIMORE,MD,21224,2016-01-13,"Baltimore-Columbia-Towson, MD"
1,25,1351 MATHISON WAY,BALTIMORE,MD,21240,2021-06-01,"Baltimore-Columbia-Towson, MD"
1,26,1351 MATHISON WAY,BWI AIRPORT,MD,21240,2020-08-13,"Baltimore-Columbia-Towson, MD"
1,27,6001 BETHLEHEM BOULEVARD,EDGEMERE,MD,21219,2021-02-03,"Baltimore-Columbia-Towson, MD"
1,28,1701 FINISHING MILL ROAD,EDGEMERE,MD,21219,2026-08-06,"Baltimore-Columbia-Towson, MD"
1,29,2203 LAKESIDE BOULEVARD,EDGEWOOD,MD,21040,2020-12-23,"Baltimore-Columbia-Towson, MD"
1,30,7200 DORSEY RUN ROAD,ELKRIDGE,MD,21075,2022-07-06,"Baltimore-Columbia-Towson, MD"
1,31,5501 HOLABIRD AVENUE,HIGHLANDTOWN,MD,21224,2018-09-10,"Baltimore-Columbia-Towson, MD"
1,32,1700 SPARROWS POINT BLVD,SPARROWS POINT,MD,21219,2020-09-25,"Baltimore-Columbia-Towson, MD"
1,33,351 MAPLE STREET,BELLINGHAM,MA,02019,2025-07-23,"Boston-Cambridge-Newton, MA-NH"
1,34,201 BEACHAM STREET,EVERETT,MA,02149,2020-02-21,"Boston-Cambridge-Newton, MA-NH"
1,35,1450 OSGOOD STREET,NORTH ANDOVER,MA,01845,2024-06-26,"Boston-Cambridge-Newton, MA-NH"
1,36,750 EVERETT STREET,NORWOOD,MA,02062,2024-11-15,"Boston-Cambridge-Newton, MA-NH"
1,37,1000 TECHNOLOGY CENTER DRIVE,STOUGHTON,MA,02072,2018-02-05,"Boston-Cambridge-Newton, MA-NH"
1,38,110 FORDHAM ROAD,WILMINGTON,MA,01887,2023-11-21,"Boston-Cambridge-Newton, MA-NH"
1,39,7555 AIRPORT WAY SW,BREMERTON,WA,98312,2024-08-22,"Bremerton-Silverdale-Port Orchard, WA"
1,40,7555 AIRPORT WAY SW #6162,BREMERTON,WA,98312,2025-11-04,"Bremerton-Silverdale-Port Orchard, WA"
1,41,9801 HWY 78,LADSON,SC,29456,2024-05-22,"Charleston-North Charleston, SC"
1,42,10240 OLD DOWD ROAD,CHARLOTTE,NC,28214,2022-03-24,"Charlotte-Concord-Gastonia, NC-SC"
1,43,6500 DAVIDSON HIGHWAY,CONCORD,NC,28027,2021-07-21,"Charlotte-Concord-Gastonia, NC-SC"
1,44,413 GOODMAN ROAD,CONCORD,NC,28027,2023-02-16,"Charlotte-Concord-Gastonia, NC-SC"
1,45,7200 DISCOVERY DR,CHATTANOOGA,TN,37421,2012-02-29,"Chattanooga, TN-GA"
1,46,4620 OLYMPIC BLVD,ERLANGER,KY,41018,2019-11-12,"Cincinnati, OH-KY-IN"
1,47,4600 OLYMPIC BLVD.,ERLANGER,KY,41018,2022-05-06,"Cincinnati, OH-KY-IN"
1,48,289 WENDALL H FORD,ERLANGER,KY,41018,2025-05-29,"Cincinnati, OH-KY-IN"
1,49,4805 AERO PARKWAY,FLORENCE,KY,41042,2026-04-21,"Cincinnati, OH-KY-IN"
1,50,3680 LANGLEY DR,HEBRON,KY,41048,2009-08-13,"Cincinnati, OH-KY-IN"
1,51,1155 WORLDWIDE BLVD,HEBRON,KY,41048,2011-07-11,"Cincinnati, OH-KY-IN"
1,52,1600 WORLDWIDE BLVD,HEBRON,KY,41048,2013-01-16,"Cincinnati, OH-KY-IN"
1,53,3680 LANGLEY DRIVE SUITE 100,HEBRON,KY,41048,2016-09-27,"Cincinnati, OH-KY-IN"
1,54,3521 POINT PLEASANT RD,HEBRON,KY,41048,2020-02-25,"Cincinnati, OH-KY-IN"
1,55,2305 LITTON LANE,HEBRON,KY,41048,2020-06-09,"Cincinnati, OH-KY-IN"
1,56,2285 LITTON LANE,HEBRON,KY,41048,2022-01-12,"Cincinnati, OH-KY-IN"
1,57,289 WENDELL H FORD BLVD,HEBRON,KY,41048,2024-05-01,"Cincinnati, OH-KY-IN"
1,58,289 WENDALL H FORD BLVD.,RABBIT HASH,KY,41005,2023-05-23,"Cincinnati, OH-KY-IN"
1,59,1 SPEEDWAY DRIVE,SPARTA,KY,41086,2021-03-17,"Cincinnati, OH-KY-IN"
1,60,3875 GUTHRIE HIGHWAY,CLARKSVILLE,TN,37040,2024-07-18,"Clarksville, TN-KY"
1,61,1155 BABBITT ROAD,EUCLID,OH,44132,2022-02-15,"Cleveland, OH"
1,62,1155 BABBIT ROAD,EUCLID,OH,44132,2022-06-27,"Cleveland, OH"
1,63,21500 EMERY,NORTH RANDALL,OH,44128,2019-02-06,"Cleveland, OH"
1,64,5585 CANAL ROAD,VALLEY VIEW,OH,44125,2026-05-21,"Cleveland, OH"
1,65,225 INFINITY DRIVE NW,CHARLESTON,TN,37310,2012-01-05,"Cleveland, TN"
1,66,7704 MILTON E PROBY PKWY,COLORADO SPRINGS,CO,80926,2019-04-08,"Colorado Springs, CO"
1,67,4303 GRINNELL BOULEVARD,COLORADO SPRINGS,CO,80925,2022-08-16,"Colorado Springs, CO"
1,68,4400 12TH STREET EXTENSION,WEST COLUMBIA,SC,29172,2017-07-06,"Columbia, SC"
1,69,6465 BUSCH BOULEVARD,COLUMBUS,OH,43229,2022-09-09,"Columbus, OH"
1,70,11999 NATIONAL RD SW,ETNA,OH,43018,2022-12-06,"Columbus, OH"
2,1,11999 NATIONAL RD,ETNA,OH,43018,2024-06-11,"Columbus, OH"
2,2,6050 GATEWAY COURT,GROVEPORT,OH,43125,2022-11-10,"Columbus, OH"
2,3,2570 BEECH ROAD NORTHWEST,JOHNSTOWN,OH,43031,2021-02-24,"Columbus, OH"
2,4,1550 W. MAIN STREET,WEST JEFFERSON,OH,43162,2020-04-28,"Columbus, OH"
2,5,940 W BETHEL RD,COPPELL,TX,75019,2016-01-12,"Dallas-Fort Worth-Arlington, TX"
2,6,4601 GOLD SPIKE DRIVE,FORT WORTH,TX,76106,2023-11-15,"Dallas-Fort Worth-Arlington, TX"
2,7,700 WEST PORT PARK WAY,HASLET,TX,76052,2015-01-16,"Dallas-Fort Worth-Arlington, TX"
2,8,2700 REGENT BLVD.,IRVING,TX,75063,2015-10-28,"Dallas-Fort Worth-Arlington, TX"
2,9,2600 N NORMANDY BLVD.,DELTONA,FL,32725,2022-07-18,"Deltona-Daytona Beach-Ormond Beach, FL"
2,10,"2600 N NORMANDY BLVD, DELTONA, FL 32725",DELTONA,FL,32725,2026-02-24,"Deltona-Daytona Beach-Ormond Beach, FL"
2,11,500 32ND ST SW,BONDURANT,IA,50035,2023-03-08,"Des Moines-West Des Moines, IA"
2,12,1301 SE GATEWAY DRIVE,GRIMES,IA,50111,2025-01-14,"Des Moines-West Des Moines, IA"
2,13,19991 BROWNSTOWN CENTER DR STE 900,BROWNSTOWN TOWNSHIP,MI,48183,2016-08-30,"Detroit-Warren-Dearborn, MI"
2,14,19991 BROWNSTOWN CENTER DR,BROWNSTOWN TOWNSHIP,MI,48183,2020-05-26,"Detroit-Warren-Dearborn, MI"
2,15,20110 WOODWARD AVE,DETROIT,MI,48203,2026-06-09,"Detroit-Warren-Dearborn, MI"
2,16,1400 E 10 MILE RD SUITE 190,HAZEL PARK,MI,48030,2025-10-02,"Detroit-Warren-Dearborn, MI"
2,17,9075 HAGGERTY ROAD,PLYMOUTH,MI,48170,2022-07-13,"Detroit-Warren-Dearborn, MI"
2,18,1300 FEATHERSTONE ROAD,PONTIAC,MI,48342,2024-03-13,"Detroit-Warren-Dearborn, MI"
2,19,32801 ECORSE RD,ROMULUS,MI,48174,2019-04-02,"Detroit-Warren-Dearborn, MI"
2,20,50500 MOUND ROAD,SHELBY TOWNSHIP,MI,48315,2019-02-04,"Detroit-Warren-Dearborn, MI"
2,21,1805 TW ALEXANDER DR,DURHAM,NC,27703,2017-05-02,"Durham-Chapel Hill, NC"
2,22,1275 PERSON STREET,DURHAM,NC,27703,2024-03-07,"Durham-Chapel Hill, NC"
2,23,12101 EMERALD PASS AVENUE,EL PASO,TX,79928,2023-01-26,"El Paso, TX"
2,24,2424 WEST 23RD STREET,ERIE,PA,16506,2025-10-22,"Erie, PA"
2,25,9798 SMITH ROAD,FORT WAYNE,IN,46809,2023-05-09,"Fort Wayne, IN"
2,26,5510 FLAUGH ROAD,FORT WAYNE,IN,46818,2025-11-21,"Fort Wayne, IN"
2,27,2325 S. CEDAR AVE,FRESNO,CA,93725,2022-05-19,"Fresno, CA"
2,28,7929 NATIONAL SERVICE RD,COLFAX,NC,27235,2023-04-27,"Greensboro-High Point, NC"
2,29,13905 CRAYTON BOULEVARD,HAGERSTOWN,MD,21742,2021-07-27,"Hagerstown-Martinsburg, MD-WV"
2,30,1115 WESEL BOULEVARD,HAGERSTOWN,MD,21740,2023-05-02,"Hagerstown-Martinsburg, MD-WV"
2,31,55 WEST OAK RIDGE DRIVE,HAGERSTOWN,MD,21740,2024-10-21,"Hagerstown-Martinsburg, MD-WV"
2,32,AMAZON PHL 6 FULFILLMENT CENTER 675 ALLEN ROAD,CARLISLE,PA,17015,2017-09-20,"Harrisburg-Carlisle, PA"
2,33,2 AMES DRIVE,CARLISLE,PA,17015,2022-08-01,"Harrisburg-Carlisle, PA"
2,34,360 INDEPENDENCE AVE,MECHANICSBURG,PA,17055,2024-05-29,"Harrisburg-Carlisle, PA"
2,35,3327 EAST HARRISBURG PIKE,MIDDLETOWN,PA,17057,2024-12-12,"Harrisburg-Carlisle, PA"
2,36,1480 UNITED DRIVE AMAZON HGR5,SHIPPENSBURG,PA,17257,2024-12-10,"Harrisburg-Carlisle, PA"
2,37,2303 HURRICANE LANE,FRESNO,TX,77545,2022-02-01,"Houston-Pasadena-The Woodlands, TX"
2,38,10550 ELLA BLVD,HOUSTON,TX,77038,2020-03-02,"Houston-Pasadena-The Woodlands, TX"
2,39,11311 N. GESSNER RD.,HOUSTON,TX,77064,2024-01-10,"Houston-Pasadena-The Woodlands, TX"
2,40,8120 HUMBLE WESTFIELD,HUMBLE,TX,77338,2021-04-09,"Houston-Pasadena-The Woodlands, TX"
2,41,673 10TH STREET,HUNTINGTON,WV,25701,2005-01-04,"Huntington-Ashland, WV-KY-OH"
2,42,4412 W 300 N,GREENFIELD,IN,46140,2022-01-10,"Indianapolis-Carmel-Greenwood, IN"
2,43,4412 W CR 300 N,GREENFIELD,IN,46140,2026-04-01,"Indianapolis-Carmel-Greenwood, IN"
2,44,710 SOUTH GIRL SCHOOL ROAD,INDIANAPOLIS,IN,46231,2017-10-27,"Indianapolis-Carmel-Greenwood, IN"
2,45,7760 W MORRIS STREET,INDIANAPOLIS,IN,46231,2022-08-18,"Indianapolis-Carmel-Greenwood, IN"
2,46,715 AIRTECH PARKWAY,PLAINFIELD,IN,46168,2012-12-13,"Indianapolis-Carmel-Greenwood, IN"
2,47,800 PERRY ROAD,PLAINFIELD,IN,46168,2017-08-02,"Indianapolis-Carmel-Greenwood, IN"
2,48,4255 ANSON BLVD,WHITESTOWN,IN,46075,2012-01-26,"Indianapolis-Carmel-Greenwood, IN"
2,49,13333 103RD ST.,JACKSONVILLE,FL,32221,2018-05-08,"Jacksonville, FL"
2,50,11084 CABOT COMMERCE CIRCLE,JACKSONVILLE,FL,32226,2023-12-19,"Jacksonville, FL"
2,51,2400 NORTHEAST CORONADO DRIVE,BLUE SPRINGS,MO,64029,2022-10-25,"Kansas City, MO-KS"
2,52,4054 POWELL DRIVE,SHAWNEE,KS,66226,2026-02-10,"Kansas City, MO-KS"
2,53,3501 120TH AVENUE,KENOSHA,WI,53140,2015-10-01,"Kenosha, WI"
2,54,500 HUDSON VALLEY AVENUE,NEW WINDSOR,NY,12553,2022-07-18,"Kiryas Joel-Poughkeepsie-Newburgh, NY"
2,55,3001 KNOXVILLE CENTER DRIVE,KNOXVILLE,TN,37924,2026-09-01,"Knoxville, TN"
2,56,3550 NE EVANGELINE THROUGHWAY,CARENCRO,LA,70520,2022-11-17,"Lafayette, LA"
2,57,2318 WAVERLY BARN ROAD,DAVENPORT,FL,33897,2023-05-25,"Lakeland-Winter Haven, FL"
2,58,12300 SOUTH BERMUDA ROAD,HENDERSON,NV,89044,2021-08-24,"Las Vegas-Henderson-North Las Vegas, NV"
2,59,6001 EAST TROPICAL PKWY,LAS VEGAS,NV,89115,2019-12-09,"Las Vegas-Henderson-North Las Vegas, NV"
2,60,5802 EAST TROPICAL PARKWAY,LAS VEGAS,NV,89115,2023-06-20,"Las Vegas-Henderson-North Las Vegas, NV"
2,61,3777 MARION DRIVE,LAS VEGAS,NV,89115,2024-03-07,"Las Vegas-Henderson-North Las Vegas, NV"
2,62,4410 NEXUS WAY,LAS VEGAS,NV,89115,2025-03-20,"Las Vegas-Henderson-North Las Vegas, NV"
2,63,3837 BAY LAKE TRAIL,NORTH LAS VEGAS,NV,89030,2019-09-30,"Las Vegas-Henderson-North Las Vegas, NV"
2,64,1850 MERCER RD,LEXINGTON,KY,40511,2005-07-29,"Lexington-Fayette, KY"
2,65,172 TRADE ST,LEXINGTON,KY,40511,2009-03-17,"Lexington-Fayette, KY"
2,66,1180 NEWTOWN PIKE,LEXINGTON,KY,40511,2025-10-23,"Lexington-Fayette, KY"
2,67,7001 ZEUBER DR,LITTLE ROCK,AR,72206,2022-03-30,"Little Rock-North Little Rock-Conway, AR"
2,68,9031 LURLINE AVE.,CHATSWORTH,CA,91311,2020-11-04,"Los Angeles-Long Beach-Anaheim, CA"
2,69,20730 PRAIRIE STREET,CHATSWORTH,CA,91311,2022-08-08,"Los Angeles-Long Beach-Anaheim, CA"
2,70,15930 VALLEY BOULEVARD,CITY OF INDUSTRY,CA,91744,2022-06-14,"Los Angeles-Long Beach-Anaheim, CA"
3,1,"5750 MESMER AVE., STE #D",CULVER CITY,CA,90230,2023-03-15,"Los Angeles-Long Beach-Anaheim, CA"
3,2,2815 W EL SEGUNDO BL,HAWTHORNE,CA,90250,2020-05-13,"Los Angeles-Long Beach-Anaheim, CA"
3,3,2815 W. EL SEGUNDO BLVD.,HOLLYGLEN,CA,90250,2017-12-29,"Los Angeles-Long Beach-Anaheim, CA"
3,4,17871 VON KARMAN AVE.,IRVINE,CA,92614,2023-01-19,"Los Angeles-Long Beach-Anaheim, CA"
3,5,25725 JERONIMO ROAD,MISSION VIEJO,CA,92691,2021-09-23,"Los Angeles-Long Beach-Anaheim, CA"
3,6,4187 TEMPLE CITY BOULEVARD,ROSEMEAD,CA,91770,2024-05-30,"Los Angeles-Long Beach-Anaheim, CA"
3,7,28820 CHASE PLACE,VALENCIA,CA,91355,2022-07-25,"Los Angeles-Long Beach-Anaheim, CA"
3,8,900 PATROL ROAD,JEFFERSONVILLE,IN,47130,2014-05-27,"Louisville/Jefferson County, KY-IN"
3,9,376 ZAPPOS.COM BOULEVARD,SHEPHERDSVILLE,KY,40165,2018-12-05,"Louisville/Jefferson County, KY-IN"
3,10,100 W THOMAS P ECHOLS LN 3,SHEPHERDSVILLE,KY,40165,2021-01-07,"Louisville/Jefferson County, KY-IN"
3,11,100 W THOMAS P ECHOLS LANE,SHEPHERDSVILLE,KY,40165,2022-06-27,"Louisville/Jefferson County, KY-IN"
3,12,649 OMEGA PKWY,SHEPHERDSVILLE,KY,40165,2023-10-05,"Louisville/Jefferson County, KY-IN"
3,13,900 PATROL ROAD,WATSON,IN,47130,2017-08-17,"Louisville/Jefferson County, KY-IN"
3,14,3002 EAST MUNICIPAL DRIVE,LUBBOCK,TX,79403,2022-07-29,"Lubbock, TX"
3,15,1110 EAST HUNTER STREET,LUBBOCK,TX,79403,2023-02-16,"Lubbock, TX"
3,16,"1615 COMMERCE PARKWAY, MEM3",HORN LAKE,MS,38637,2025-01-16,"Memphis, TN-MS-AR"
3,17,3292 E HOLMES RD,MEMPHIS,TN,38112,2020-03-03,"Memphis, TN-MS-AR"
3,18,5155 CITATION DRIVE,MEMPHIS,TN,38118,2023-07-24,"Memphis, TN-MS-AR"
3,19,9800 217TH ST,LAKEVILLE,MN,55044,2025-06-18,"Minneapolis-St. Paul-Bloomington, MN-WI"
3,20,10440 89TH AVE N,OSSEO,MN,55369,2021-08-05,"Minneapolis-St. Paul-Bloomington, MN-WI"
3,21,10750 89TH AVE N,OSSEO,MN,55369,2024-06-18,"Minneapolis-St. Paul-Bloomington, MN-WI"
3,22,3130 LEXINGTON AVE S,SAINT PAUL,MN,55121,2023-05-26,"Minneapolis-St. Paul-Bloomington, MN-WI"
3,23,3731 FINCH ROAD,MODESTO,CA,95357,2020-05-21,"Modesto, CA"
3,24,225 PARK CENTER DR,PATTERSON,CA,95363,2014-07-16,"Modesto, CA"
3,25,3200 FULKERTH ROAD,TURLOCK,CA,95380,2025-06-17,"Modesto, CA"
3,26,550 W. WESTERN AVE,MUSKEGON,MI,49440,2016-03-09,"Muskegon-Norton Shores, MI"
3,27,300 BOONE DRIVE.,AMERICAN CANYON,CA,94503,2023-04-28,"Napa, CA"
3,28,2906 CORPORATE WAY,PALMETTO,FL,34221,2017-11-07,"North Port-Bradenton-Sarasota, FL"
3,29,770 COMMERCE DRIVE,VENICE,FL,34292,2021-08-03,"North Port-Bradenton-Sarasota, FL"
3,30,3300 HOGUM BAY RD NE,LACEY,WA,98516,2022-03-17,"Olympia-Lacey-Tumwater, WA"
3,31,14248 NEBRASKA 370,OMAHA,NE,68138,2025-07-08,"Omaha, NE-IA"
3,32,8825 BOGGY CREEK RD,ORLANDO,FL,32824,2023-11-29,"Orlando-Kissimmee-Sanford, FL"
3,33,7470 KINGSPOINTE PARKWAY,ORLANDO,FL,32819,2024-01-31,"Orlando-Kissimmee-Sanford, FL"
3,34,7469 KINGSPOINTE PARKWAY,ORLANDO,FL,32819,2024-01-31,"Orlando-Kissimmee-Sanford, FL"
3,35,3001 MISSION OAKS BOULEVARD,CAMARILLO,CA,93012,2025-11-21,"Oxnard-Thousand Oaks-Ventura, CA"
3,36,2277 CENTER SQ RD,LOGAN TOWNSHIP,NJ,08085,2017-03-20,"Philadelphia-Camden-Wilmington, PA-NJ-DE-MD"
3,37,2651 OLDMANS CREEK RD,LOGAN TOWNSHIP,NJ,08085,2023-01-26,"Philadelphia-Camden-Wilmington, PA-NJ-DE-MD"
3,38,560 MERRIMAC AVE,MIDDLETOWN,DE,19709,2022-10-27,"Philadelphia-Camden-Wilmington, PA-NJ-DE-MD"
3,39,1 CENTER POINT BOULEVARD,NEW CASTLE,DE,19720,1999-10-20,"Philadelphia-Camden-Wilmington, PA-NJ-DE-MD"
3,40,780 SOUTH DUPONT HIGHWAY,NEW CASTLE,DE,19720,2024-05-01,"Philadelphia-Camden-Wilmington, PA-NJ-DE-MD"
3,41,1 CENTERPOINT BLVD.,NEW CASTLE,DE,19720,2026-08-17,"Philadelphia-Camden-Wilmington, PA-NJ-DE-MD"
3,42,600 PRINCIPIO PARKWAY WEST,NORTH EAST,MD,21901,2023-08-16,"Philadelphia-Camden-Wilmington, PA-NJ-DE-MD"
3,43,1250 FOREST PARKWAY,PAULSBORO,NJ,08066,2022-06-13,"Philadelphia-Camden-Wilmington, PA-NJ-DE-MD"
3,44,7575 BREWSTER AVE,PHILADELPHIA,PA,19153,2021-09-16,"Philadelphia-Camden-Wilmington, PA-NJ-DE-MD"
3,45,4219 RICHMOND STREET,PHILADELPHIA,PA,19137,2024-10-21,"Philadelphia-Camden-Wilmington, PA-NJ-DE-MD"
3,46,177 MCCLAREN ROAD,CORAOPOLIS,PA,15108,2023-02-08,"Pittsburgh, PA"
3,47,2250 ROSWELL DRIVE,PITTSBURGH,PA,15205,2015-04-29,"Pittsburgh, PA"
3,48,2250 POSWELL AVENUE,PITTSBURGH,PA,15205,2022-07-21,"Pittsburgh, PA"
3,49,13450 ANTHONY F SANSONE SR BOULEVARD,PORT SAINT LUCIE,FL,34987,2024-11-12,"Port St. Lucie, FL"
3,50,3108 NE 230TH AVE,FAIRVIEW,OR,97024,2021-09-23,"Portland-Vancouver-Hillsboro, OR-WA"
3,51,5647 NW HUFFMAN ST,HILLSBORO,OR,97124,2017-03-28,"Portland-Vancouver-Hillsboro, OR-WA"
3,52,5647 NE HUFFMAN ST,HILLSBORO,OR,97124,2022-06-30,"Portland-Vancouver-Hillsboro, OR-WA"
3,53,3610 NW SAINT HELENS RD,PORTLAND,OR,97210,2017-12-21,"Portland-Vancouver-Hillsboro, OR-WA"
3,54,3610 NW ST HELENS RD,PORTLAND,OR,97210,2018-07-16,"Portland-Vancouver-Hillsboro, OR-WA"
3,55,2104 NW YORK ST,PORTLAND,OR,97210,2019-07-08,"Portland-Vancouver-Hillsboro, OR-WA"
3,56,15000 N LOMBARD ST,PORTLAND,OR,97203,2021-05-04,"Portland-Vancouver-Hillsboro, OR-WA"
3,57,1250 NW SWIGERT WAY,TROUTDALE,OR,97060,2018-10-01,"Portland-Vancouver-Hillsboro, OR-WA"
3,58,21409 SW 115TH AVE,TUALATIN,OR,97062,2022-01-21,"Portland-Vancouver-Hillsboro, OR-WA"
3,59,1180 INNOVATION WAY,FALL RIVER,MA,02720,2023-05-03,"Providence-Warwick, RI-MA"
3,60,2120 HARTFORD AVE,JOHNSTON,RI,02919,2026-07-27,"Providence-Warwick, RI-MA"
3,61,115 DUPONT DR.,PROVIDENCE,RI,02907,2024-03-21,"Providence-Warwick, RI-MA"
3,62,1222 S 500 E,AMERICAN FORK,UT,84003,2022-12-08,"Provo-Orem-Lehi, UT"
3,63,346 E 1600 S,AMERICAN FORK,UT,84003,2026-04-08,"Provo-Orem-Lehi, UT"
3,64,4851 JONES SAUSAGE ROAD,GARNER,NC,27529,2024-01-04,"Raleigh-Cary, NC"
3,65,1201 N GREENFIELD PARKWAY,GARNER,NC,27529,2026-07-06,"Raleigh-Cary, NC"
3,66,12000 INNOVATION AVENUE,MORRISVILLE,NC,27560,2021-08-02,"Raleigh-Cary, NC"
3,67,2150 US HWY 70 BUSINESS WEST,SMITHFIELD,NC,27577,2026-07-20,"Raleigh-Cary, NC"
3,68,3563 MOUNTAIN RD,HAMBURG,PA,19526,2022-01-20,"Reading, PA"
3,69,9085 MOYA BLVD.,RENO,NV,89503,2002-10-31,"Reno, NV"
3,70,555 MILAN DRIVE,SPARKS,NV,89434,2015-03-12,"Reno, NV"
4,1,1901 MEADOWVILLE TECHNOLOGY PARKWAY,CHESTER,VA,23836,2013-01-19,"Richmond, VA"
4,2,1901 MEADOWVILLE TECHNOLOGY,CHESTER,VA,23831,2024-12-30,"Richmond, VA"
4,3,AMAZON XR13 4949 COMMERCE RD,RICHMOND,VA,23234,2026-05-27,"Richmond, VA"
4,4,2022 ASHLAND ROAD,ROCKVILLE,VA,23146,2026-08-25,"Richmond, VA"
4,5,1010 WEST 4TH STREET,BEAUMONT,CA,92223,2023-07-06,"Riverside-San Bernardino-Ontario, CA"
4,6,3388 SOUTH CACTUS AVENUE,BLOOMINGTON,CA,92316,2023-05-02,"Riverside-San Bernardino-Ontario, CA"
4,7,64615 19TH AVENUE,DESERT HOT SPRINGS,CA,92240,2026-08-14,"Riverside-San Bernardino-Ontario, CA"
4,8,4950 GOODMAN ROAD,EASTVALE,CA,91752,2019-01-02,"Riverside-San Bernardino-Ontario, CA"
4,9,4950 GOODMAN RD. LGB3 FULFILLMENT CENTER,EASTVALE,CA,91752,2020-04-29,"Riverside-San Bernardino-Ontario, CA"
4,10,4950 GOODMAN WAY,EASTVALE,CA,91752,2023-09-12,"Riverside-San Bernardino-Ontario, CA"
4,11,24300 MANDINA AVE,MORENO VALLEY,CA,92553,2021-07-12,"Riverside-San Bernardino-Ontario, CA"
4,12,24300 NANDINA AVENUE,MORENO VALLEY,CA,92551,2021-09-29,"Riverside-San Bernardino-Ontario, CA"
4,13,4815 S. HELLMAN AVE,ONTARIO,CA,91762,2024-10-09,"Riverside-San Bernardino-Ontario, CA"
4,14,4120 INDIAN AVE.,PERRIS,CA,92571,2020-05-21,"Riverside-San Bernardino-Ontario, CA"
4,15,4375 N. PERRIS BLVD.,PERRIS,CA,92571,2022-09-27,"Riverside-San Bernardino-Ontario, CA"
4,16,2125 W. SAN BERNARDINO,REDLANDS,CA,92374,2021-07-27,"Riverside-San Bernardino-Ontario, CA"
4,17,2125 WEST SAN BERNARDINO AVENUE,REDLANDS,CA,92374,2022-09-22,"Riverside-San Bernardino-Ontario, CA"
4,18,2496 W. WALNUT AVENUE,RIALTO,CA,92376,2020-05-18,"Riverside-San Bernardino-Ontario, CA"
4,19,5990 NORTH CAJON BLVD,SAN BERNARDINO,CA,92408,2022-05-18,"Riverside-San Bernardino-Ontario, CA"
4,20,5990 CAJON BLVD,SAN BERNARDINO,CA,92407,2023-05-23,"Riverside-San Bernardino-Ontario, CA"
4,21,555 ORANGE SHOW RD.,SAN BERNARDINO,CA,92401,2024-02-22,"Riverside-San Bernardino-Ontario, CA"
4,22,555 E. ORANGE SHOW ROAD,SAN BERNARDINO,CA,92408,2026-05-27,"Riverside-San Bernardino-Ontario, CA"
4,23,1494 S WATERMAN AVE,SAN BERNARDINO,CA,92408,2026-06-15,"Riverside-San Bernardino-Ontario, CA"
4,24,2002 BLUE HILLS DRIVE NE,ROANOKE,VA,24012,2025-02-25,"Roanoke, VA"
4,25,7601 FOOTHILLS BLVD,ROSEVILLE,CA,95747,2022-01-18,"Sacramento-Roseville-Folsom, CA"
4,26,2400 MCCLELLAN PARK DRIVE,SACRAMENTO,CA,95838,2022-05-18,"Sacramento-Roseville-Folsom, CA"
4,27,7601 METRO AIR PARKWAY,SACRAMENTO,CA,95835,2026-06-16,"Sacramento-Roseville-Folsom, CA"
4,28,3620 RAMOS DRIVE,WEST SACRAMENTO,CA,95691,2026-02-24,"Sacramento-Roseville-Folsom, CA"
4,29,4775 DEPOT CT,SALEM,OR,97317,2019-12-09,"Salem, OR"
4,30,4775 DEPOT CT SE,SALEM,OR,97317,2022-07-06,"Salem, OR"
4,31,450 BUTTEVILLE RD NE,WOODBURN,OR,97071,2025-03-11,"Salem, OR"
4,32,777 NORTH 5600 WEST,SALT LAKE CITY,UT,84116,2022-06-27,"Salt Lake City-Murray, UT"
4,33,5420 JOHN CANNON DR STE 500,SALT LAKE CITY,UT,84116,2023-10-17,"Salt Lake City-Murray, UT"
4,34,770 GLADIOLA STREET,SALT LAKE CITY,UT,84104,2025-09-03,"Salt Lake City-Murray, UT"
4,35,6802 E OLD BINGHAM HIGHWAY,SOUTH JORDAN,UT,84095,2020-12-09,"Salt Lake City-Murray, UT"
4,36,7148 W  OLD BINGHAM HIGHWAY,WEST JORDAN,UT,84081,2021-11-26,"Salt Lake City-Murray, UT"
4,37,7001 NEW BINGHAM HIGHWAY,WEST JORDAN,UT,84081,2023-06-28,"Salt Lake City-Murray, UT"
4,38,6558 E CAMPUS DR BUILDING 2,SAN ANTONIO,TX,78247,2019-06-06,"San Antonio-New Braunfels, TX"
4,39,10384 WEST US HIGHWAY 90,SAN ANTONIO,TX,78245,2026-01-12,"San Antonio-New Braunfels, TX"
4,40,6971 OTAY MESA RD.,SAN DIEGO,CA,92154,2026-08-17,"San Diego-Chula Vista-Carlsbad, CA"
4,41,60 TRIPLE-B TRAIL,POOLER,GA,31322,2024-11-12,"Savannah, GA"
4,42,1500 CROSSGATE ROAD,PORT WENTWORTH,GA,31407,2023-03-10,"Savannah, GA"
4,43,550 OAKRIDGE ROAD,HAZLETON,PA,18202,2017-09-15,"Scranton--Wilkes-Barre, PA"
4,44,550 OAK RIDGE ROAD,HAZLETON,PA,18201,2019-07-12,"Scranton--Wilkes-Barre, PA"
4,45,550 OAKRIDGE DRIVE,HAZLETON,PA,18202,2021-04-08,"Scranton--Wilkes-Barre, PA"
4,46,45 VALLEY VIEW DRIVE,JESSUP,PA,18434,2023-06-15,"Scranton--Wilkes-Barre, PA"
4,47,31100 STATE ROUTE 2,NEW CARLISLE,IN,46552,2026-02-04,"South Bend-Mishawaka, IN-MI"
4,48,10010 WEST GEIGER BOULEVARD,SPOKANE,WA,99224,2020-09-22,"Spokane-Spokane Valley, WA"
4,49,18007 E GARLAND AVE,SPOKANE VALLEY,WA,99016,2021-07-08,"Spokane-Spokane Valley, WA"
4,50,8850 SPRINGDALE AVENUE,BERKELEY,MO,63134,2025-01-14,"St. Louis, MO-IL"
4,51,3050 GATEWAY COMMERCE CENTER DR S STL 4,EDWARDSVILLE,IL,62025,2017-08-15,"St. Louis, MO-IL"
4,52,3077 GATEWAY COMMERCE CENTER DR. S,EDWARDSVILLE,IL,62025,2021-12-11,"St. Louis, MO-IL"
4,53,462 HAZELWOOD LOGISTICS CENTER DR.,HAZELWOOD,MO,63042,2023-05-10,"St. Louis, MO-IL"
4,54,4000 PREMIER PARKWAY STL8,SAINT PETERS,MO,63376,2023-04-03,"St. Louis, MO-IL"
4,55,2712 WEST MAIN STREET,WAYNESBORO,VA,22980,2026-03-02,"Staunton-Stuarts Draft, VA"
4,56,3565 NORTH AIRPORT WAY,MANTECA,CA,95336,2025-04-28,"Stockton-Lodi, CA"
4,57,6001 S AUSTIN RD.,STOCKTON,CA,95215,2022-02-07,"Stockton-Lodi, CA"
4,58,4532 NEWCASTLE RD,STOCKTON,CA,95215,2023-02-23,"Stockton-Lodi, CA"
4,59,6201 NEWCASTLE RD,STOCKTON,CA,95215,2025-07-01,"Stockton-Lodi, CA"
4,60,1555 CHRISMAN RD,TRACY,CA,95376,2014-03-21,"Stockton-Lodi, CA"
4,61,188 S. INTERNATIONAL PARKWAY,TRACY,CA,95377,2023-03-15,"Stockton-Lodi, CA"
4,62,1500 EAST GRANT LINE ROAD,TRACY,CA,95304,2025-03-17,"Stockton-Lodi, CA"
4,63,6250 PROMONTORY PKWY.,TRACY,CA,95377,2026-01-15,"Stockton-Lodi, CA"
4,64,1500 E GRANTLINE RD,TRACY,CA,95304,2026-07-16,"Stockton-Lodi, CA"
4,65,17030 MENTMORE BOULEVARD,LAND O LAKES,FL,34638,2022-04-04,"Tampa-St. Petersburg-Clearwater, FL"
4,66,1760 COUNTY LINE ROAD,PLANT CITY,FL,33566,2015-03-31,"Tampa-St. Petersburg-Clearwater, FL"
4,67,3350 LAUREL RIDGE AVE.,RUSKIN,FL,33570,2019-09-18,"Tampa-St. Petersburg-Clearwater, FL"
4,68,6384 HARNEY ROAD,TAMPA,FL,33610,2023-08-22,"Tampa-St. Petersburg-Clearwater, FL"
4,69,8824 E ADAMO DRIVE,TAMPA,FL,33619,2023-11-08,"Tampa-St. Petersburg-Clearwater, FL"
4,70,8727 HARNEY ROAD,TEMPLE TERRACE,FL,33637,2024-11-14,"Tampa-St. Petersburg-Clearwater, FL"
5,1,27400 CROSSROADS PARKWAY,ROSSFORD,OH,43460,2021-12-23,"Toledo, OH"
5,2,50 CANTON WAY,ROBBINSVILLE,NJ,08691,2019-02-15,"Trenton-Princeton, NJ"
5,3,18 APPLEGATE DRIVE,ROBBINSVILLE,NJ,08691,2022-07-24,"Trenton-Princeton, NJ"
5,4,6701 S KOLB RD,TUCSON,AZ,85756,2019-12-30,"Tucson, AZ"
5,5,2101 AUIKI STREET,HONOLULU,HI,96819,2025-06-05,"Urban Honolulu, HI"
5,6,300 CROCKER DRIVE,VACAVILLE,CA,95688,2019-08-20,"Vallejo, CA"
5,7,4800 MIDWAY ROAD,VACAVILLE,CA,95688,2025-08-04,"Vallejo, CA"
5,8,920 EUBANKS DRIVE,VACAVILLE,CA,95688,2026-02-27,"Vallejo, CA"
5,9,2321 INDUSTRIAL WAY SUITE A,VINELAND,NJ,08360,2013-11-08,"Vineland, NJ"
5,10,5045 PORTSMOUTH BOULEVARD,CHESAPEAKE,VA,23321,2023-10-05,"Virginia Beach-Chesapeake-Norfolk, VA-NC"
5,11,2000 ENTERPRISE PARKWAY,HAMPTON,VA,23666,2024-09-18,"Virginia Beach-Chesapeake-Norfolk, VA-NC"
5,12,2020 NORTHGATE COMMERCE PARKWAY,SUFFOLK,VA,23435,2022-10-04,"Virginia Beach-Chesapeake-Norfolk, VA-NC"
5,13,1833 TWIN MILLS RD.,VIRGINIA BEACH,VA,23456,2026-04-30,"Virginia Beach-Chesapeake-Norfolk, VA-NC"
5,14,3315 N. KELSEY ST.,VISALIA,CA,93291,2022-06-14,"Visalia, CA"
5,15,8817 W. KIBLER AVE,VISALIA,CA,93291,2023-01-19,"Visalia, CA"
5,16,19800 BELMONT CHASE DRIVE SUITE 160,ASHBURN,VA,20147,2025-01-10,"Washington-Arlington-Alexandria, DC-VA-MD-WV"
5,17,42948 FRADELEY LN,STERLING,VA,20166,2021-03-04,"Washington-Arlington-Alexandria, DC-VA-MD-WV"
5,18,7130 NORTH BROADWAY,PARK CITY,KS,67219,2023-05-11,"Wichita, KS"
5,19,165 BUSINESS BLVD,CLEAR BROOK,VA,22624,2019-11-25,"Winchester, VA-WV"
5,20,1656 OLD GREENSBORO RD,KERNERSVILLE,NC,27284,2021-06-15,"Winston-Salem, NC"
5,21,515 DOUGLAS STREET,UXBRIDGE,MA,01569,2026-08-04,"Worcester, MA"
5,22,501 N KEYS RD,YAKIMA,WA,98901,2026-09-02,"Yakima, WA"
5,23,200 GOODMAN DRIVE,LEWISBERRY,PA,17339,2022-05-06,"York-Hanover, PA"
5,24,73575 LEWIS AND CLARK RD,BOARDMAN,OR,97818,2013-09-11,(not in a metro area)
5,25,1050 S COLUMBIA AVE,CAMPBELLSVILLE,KY,42718,2009-07-31,(not in a metro area)
5,26,1 AMAZON WAY,COFFEYVILLE,KS,67337,2000-05-17,(not in a metro area)
5,27,2654 HWY 169,COFFEYVILLE,KS,67337,2005-12-13,(not in a metro area)
5,28,1600 E. NEWLANDS DRIVE,FERNLEY,NV,89408,1999-03-22,(not in a metro area)
5,29,1050 S COLUMBIA  AVE,FINLEY,KY,42718,2022-05-18,(not in a metro area)
5,30,1051 S. COLUMBIA AVENUE,FINLEY,KY,42718,2022-12-12,(not in a metro area)
5,31,2650 EAST 2ND STREET,GILLETTE,WY,82718,2026-01-14,(not in a metro area)
5,32,6250 ALTAMONT DR,KLAMATH FALLS,OR,97603,2026-04-20,(not in a metro area)
5,33,10 STATE ST,NASHUA,NH,03061,2020-01-09,(not in a metro area)
5,34,48 BOSTON POST ROAD,ORANGE,CT,06477,2023-11-21,(not in a metro area)
5,35,6990 HAIGH DRIVE,ORLAND,CA,95963,2025-08-11,(not in a metro area)
5,36,137 LATHROP ROAD,PLAINFIELD,CT,06374,2026-09-02,(not in a metro area)
5,37,29 RESEARCH PARKWAY,WALLINGFORD,CT,06492,2015-12-16,(not in a metro area)
5,38,150 RUANE DRIVE,WILMINGTON,OH,45177,2020-05-28,(not in a metro area)
5,39,400 OLD IRON ORE ROAD,WINDSOR,CT,06095,2026-08-17,(not in a metro area)
