n,address,city,state,zip,operating_by
1,4616-6 HOWARD LANE,AUSTIN,TX,78728,2019-03-15
2,9850 MISSISSIPPI ST.,CROWN POINT,IN,46307,2026-03-11
3,4500 WESTERN AVE.,LISLE,IL,60532,2018-09-06
4,1900 NORTHWEST 132ND PLACE,MIAMI,FL,33178,2022-12-07
5,39 BAYVIEW COURT,BAYONNE,NJ,07002,2022-08-04
6,201 W. GRUMMAN ROAD,BETHPAGE,NY,11714,2021-10-13
7,630 SULLIVAN ROAD,ELIZABETH,NJ,07201,2017-03-16
8,17341 WEST MINNEZONA AVENUE,GOODYEAR,AZ,85395,2024-09-18
9,6395 N SARIVAL AVE,LITCHFIELD PARK,AZ,85340,2023-10-05
10,5050 W MOHAVE ST,PHOENIX,AZ,85043,2016-06-21
11,800 S 75TH AVE,PHOENIX,AZ,85043,2017-06-02
12,3745 BAYSHORE BOULEVARD,BRISBANE,CA,94005,2026-01-09
13,6045 GIANT HWY,RICHMOND,CA,94806,2025-02-28
14,990 BEECHER ST.,SAN LEANDRO,CA,94577,2020-09-14
15,315 SHUKSAN WAY DWS4,EVERETT,WA,98203,2021-12-20
16,315 SHUKSAN WAY,EVERETT,WA,98203,2023-07-05
17,2056 59TH PL S,KENT,WA,98032,2016-01-29
18,21005 64TH AVENUE S ATTN JESSICA ANG,KENT,WA,98032,2021-09-14
19,22001 84TH AVE S,KENT,WA,98032,2023-12-19
20,20526 59TH PLACE,KENT,WA,98032,2024-01-11
21,11710 118TH AVENUE,KIRKLAND,WA,98034,2025-07-29
22,23226 WITTE RD SE,MAPLE VALLEY,WA,98038,2022-07-05
23,1101 SW 16TH ST,RENTON,WA,98057,2020-11-02
24,1905 RAYMOND AVE SW,RENTON,WA,98057,2024-06-27
25,549 S DAWSON,SEATTLE,WA,98108,2000-02-28
26,76 S LANDER STREET,SEATTLE,WA,98134,2016-12-21
27,1901 140TH AVE E BFI7,SUMNER,WA,98390,2018-11-13
28,2201 140TH AVE E,SUMNER,WA,98390,2021-06-30
29,3711 142ND AVE E,SUMNER,WA,98390,2022-02-01
