facility_id,operator,facility_type,city,state,zip,site_address,latitude,longitude,open_year,open_quarter,close_year,close_quarter,square_feet,status,source_url,source_type,confidence,cbsa_title
NAT-0001,Amazon,DS,ANCHORAGE,AK,99518,5900 OLD SEWARD HIGHWAY,,,2024,4,,,,open,data/collection/results/NATIONAL_CLASSIFIED.csv,permit,high,"Anchorage, AK"
NAT-0002,Amazon,DS,AMERICAN CANYON,CA,94503,300 BOONE DRIVE.,,,2023,2,,,,open,data/collection/results/NATIONAL_CLASSIFIED.csv,permit,high,"Napa, CA"
NAT-0003,Amazon,DS,BAKERSFIELD,CA,93308,1601 PETROL ROAD,,,2022,3,,,,open,data/collection/results/NATIONAL_CLASSIFIED.csv,permit,high,"Bakersfield-Delano, CA"
NAT-0004,Amazon,DS,BLOOMINGTON,CA,92316,3388 SOUTH CACTUS AVENUE,,,2023,2,,,,open,data/collection/results/NATIONAL_CLASSIFIED.csv,permit,high,"Riverside-San Bernardino-Ontario, CA"
NAT-0005,Amazon,DS,CAMARILLO,CA,93012,3001 MISSION OAKS BOULEVARD,,,2025,4,,,,open,data/collection/results/NATIONAL_CLASSIFIED.csv,permit,high,"Oxnard-Thousand Oaks-Ventura, CA"
NAT-0006,Amazon,DS,CHATSWORTH,CA,91311,9031 LURLINE AVE.,,,2020,4,,,,open,data/collection/results/NATIONAL_CLASSIFIED.csv,permit,high,"Los Angeles-Long Beach-Anaheim, CA"
NAT-0007,Amazon,DS,CHATSWORTH,CA,91311,20730 PRAIRIE STREET,,,2022,3,,,,open,data/collection/results/NATIONAL_CLASSIFIED.csv,permit,high,"Los Angeles-Long Beach-Anaheim, CA"
NAT-0008,Amazon,DS,CITY OF INDUSTRY,CA,91744,15930 VALLEY BOULEVARD,,,2022,2,,,,open,data/collection/results/NATIONAL_CLASSIFIED.csv,permit,high,"Los Angeles-Long Beach-Anaheim, CA"
NAT-0009,Amazon,DS,DESERT HOT SPRINGS,CA,92240,64615 19TH AVENUE,,,2026,3,,,,open,data/collection/results/NATIONAL_CLASSIFIED.csv,permit,high,"Riverside-San Bernardino-Ontario, CA"
NAT-0010,Amazon,DS,FRESNO,CA,93725,2325 S. CEDAR AVE,,,2022,2,,,,open,data/collection/results/NATIONAL_CLASSIFIED.csv,permit,high,"Fresno, CA"
NAT-0011,Amazon,DS,HAWTHORNE,CA,90250,2815 W EL SEGUNDO BL,,,2020,2,,,,open,data/collection/results/NATIONAL_CLASSIFIED.csv,permit,high,"Los Angeles-Long Beach-Anaheim, CA"
NAT-0012,Amazon,DS,HOLLYGLEN,CA,90250,2815 W. EL SEGUNDO BLVD.,,,2017,4,,,,open,data/collection/results/NATIONAL_CLASSIFIED.csv,permit,high,"Los Angeles-Long Beach-Anaheim, CA"
NAT-0013,Amazon,DS,MANTECA,CA,95336,3565 NORTH AIRPORT WAY,,,2025,2,,,,open,data/collection/results/NATIONAL_CLASSIFIED.csv,permit,high,"Stockton-Lodi, CA"
NAT-0014,Amazon,DS,MISSION VIEJO,CA,92691,25725 JERONIMO ROAD,,,2021,3,,,,open,data/collection/results/NATIONAL_CLASSIFIED.csv,permit,high,"Los Angeles-Long Beach-Anaheim, CA"
NAT-0015,Amazon,DS,MODESTO,CA,95357,3731 FINCH ROAD,,,2020,2,,,,open,data/collection/results/NATIONAL_CLASSIFIED.csv,permit,high,"Modesto, CA"
NAT-0016,Amazon,DS,RIALTO,CA,92376,2496 W. WALNUT AVENUE,,,2020,2,,,,open,data/collection/results/NATIONAL_CLASSIFIED.csv,permit,high,"Riverside-San Bernardino-Ontario, CA"
NAT-0017,Amazon,DS,ROSEMEAD,CA,91770,4187 TEMPLE CITY BOULEVARD,,,2024,2,,,,open,data/collection/results/NATIONAL_CLASSIFIED.csv,permit,high,"Los Angeles-Long Beach-Anaheim, CA"
NAT-0018,Amazon,DS,ROSEVILLE,CA,95747,7601 FOOTHILLS BLVD,,,2022,1,,,,open,data/collection/results/NATIONAL_CLASSIFIED.csv,permit,high,"Sacramento-Roseville-Folsom, CA"
NAT-0019,Amazon,DS,SACRAMENTO,CA,95838,2400 MCCLELLAN PARK DRIVE,,,2022,2,,,,open,data/collection/results/NATIONAL_CLASSIFIED.csv,permit,high,"Sacramento-Roseville-Folsom, CA"
NAT-0020,Amazon,DS,SACRAMENTO,CA,95835,7601 METRO AIR PARKWAY,,,2026,2,,,,open,data/collection/results/NATIONAL_CLASSIFIED.csv,permit,high,"Sacramento-Roseville-Folsom, CA"
NAT-0021,Amazon,DS,SAN BERNARDINO,CA,92408,5990 NORTH CAJON BLVD,,,2022,2,,,,open,data/collection/results/NATIONAL_CLASSIFIED.csv,permit,high,"Riverside-San Bernardino-Ontario, CA"
NAT-0022,Amazon,DS,SAN DIEGO,CA,92154,6971 OTAY MESA RD.,,,2026,3,,,,open,data/collection/results/NATIONAL_CLASSIFIED.csv,permit,high,"San Diego-Chula Vista-Carlsbad, CA"
NAT-0023,Amazon,DS,STOCKTON,CA,95215,6001 S AUSTIN RD.,,,2022,1,,,,open,data/collection/results/NATIONAL_CLASSIFIED.csv,permit,high,"Stockton-Lodi, CA"
NAT-0024,Amazon,DS,STOCKTON,CA,95215,6201 NEWCASTLE RD,,,2025,3,,,,open,data/collection/results/NATIONAL_CLASSIFIED.csv,permit,high,"Stockton-Lodi, CA"
NAT-0025,Amazon,DS,TRACY,CA,95304,1500 EAST GRANT LINE ROAD,,,2025,1,,,,open,data/collection/results/NATIONAL_CLASSIFIED.csv,permit,high,"Stockton-Lodi, CA"
NAT-0026,Amazon,DS,TRACY,CA,95304,1500 E GRANTLINE RD,,,2026,3,,,,open,data/collection/results/NATIONAL_CLASSIFIED.csv,permit,high,"Stockton-Lodi, CA"
NAT-0027,Amazon,DS,VALENCIA,CA,91355,28820 CHASE PLACE,,,2022,3,,,,open,data/collection/results/NATIONAL_CLASSIFIED.csv,permit,high,"Los Angeles-Long Beach-Anaheim, CA"
NAT-0028,Amazon,DS,COLORADO SPRINGS,CO,80926,7704 MILTON E PROBY PKWY,,,2019,2,,,,open,data/collection/results/NATIONAL_CLASSIFIED.csv,permit,high,"Colorado Springs, CO"
NAT-0029,Amazon,DS,DAVENPORT,FL,33897,2318 WAVERLY BARN ROAD,,,2023,2,,,,open,data/collection/results/NATIONAL_CLASSIFIED.csv,permit,high,"Lakeland-Winter Haven, FL"
NAT-0030,Amazon,DS,LAND O LAKES,FL,34638,17030 MENTMORE BOULEVARD,,,2022,2,,,,open,data/collection/results/NATIONAL_CLASSIFIED.csv,permit,high,"Tampa-St. Petersburg-Clearwater, FL"
NAT-0031,Amazon,DS,ORLANDO,FL,32819,7469 KINGSPOINTE PARKWAY,,,2024,1,,,,open,data/collection/results/NATIONAL_CLASSIFIED.csv,permit,high,"Orlando-Kissimmee-Sanford, FL"
NAT-0032,Amazon,DS,PALMETTO,FL,34221,2906 CORPORATE WAY,,,2017,4,,,,open,data/collection/results/NATIONAL_CLASSIFIED.csv,permit,high,"North Port-Bradenton-Sarasota, FL"
NAT-0033,Amazon,DS,PLANT CITY,FL,33566,1760 COUNTY LINE ROAD,,,2015,1,,,,open,data/collection/results/NATIONAL_CLASSIFIED.csv,permit,high,"Tampa-St. Petersburg-Clearwater, FL"
NAT-0034,Amazon,DS,TAMPA,FL,33610,6384 HARNEY ROAD,,,2023,3,,,,open,data/collection/results/NATIONAL_CLASSIFIED.csv,permit,high,"Tampa-St. Petersburg-Clearwater, FL"
NAT-0035,Amazon,DS,TAMPA,FL,33619,8824 E ADAMO DRIVE,,,2023,4,,,,open,data/collection/results/NATIONAL_CLASSIFIED.csv,permit,high,"Tampa-St. Petersburg-Clearwater, FL"
NAT-0036,Amazon,DS,TEMPLE TERRACE,FL,33637,8727 HARNEY ROAD,,,2024,4,,,,open,data/collection/results/NATIONAL_CLASSIFIED.csv,permit,high,"Tampa-St. Petersburg-Clearwater, FL"
NAT-0037,Amazon,DS,VENICE,FL,34292,770 COMMERCE DRIVE,,,2021,3,,,,open,data/collection/results/NATIONAL_CLASSIFIED.csv,permit,high,"North Port-Bradenton-Sarasota, FL"
NAT-0038,Amazon,DS,BUFORD,GA,30518,5000 LANIER ISLANDS PARKWAY,,,2023,3,,,,open,data/collection/results/NATIONAL_CLASSIFIED.csv,permit,high,"Atlanta-Sandy Springs-Roswell, GA"
NAT-0039,Amazon,DS,POOLER,GA,31322,60 TRIPLE-B TRAIL,,,2024,4,,,,open,data/collection/results/NATIONAL_CLASSIFIED.csv,permit,high,"Savannah, GA"
NAT-0040,Amazon,DS,PORT WENTWORTH,GA,31407,1500 CROSSGATE ROAD,,,2023,1,,,,open,data/collection/results/NATIONAL_CLASSIFIED.csv,permit,high,"Savannah, GA"
NAT-0041,Amazon,DS,SMYRNA,GA,30082,4800 HIGHLANDS PARKWAY,,,2019,3,,,,open,data/collection/results/NATIONAL_CLASSIFIED.csv,permit,high,"Atlanta-Sandy Springs-Roswell, GA"
NAT-0042,Amazon,DS,STONE MOUNTAIN,GA,30087,2255 WEST PARK PLACE BLVD.,,,2022,1,,,,open,data/collection/results/NATIONAL_CLASSIFIED.csv,permit,high,"Atlanta-Sandy Springs-Roswell, GA"
NAT-0043,Amazon,DS,HONOLULU,HI,96819,2101 AUIKI STREET,,,2025,2,,,,open,data/collection/results/NATIONAL_CLASSIFIED.csv,permit,high,"Urban Honolulu, HI"
NAT-0044,Amazon,DS,GRIMES,IA,50111,1301 SE GATEWAY DRIVE,,,2025,1,,,,open,data/collection/results/NATIONAL_CLASSIFIED.csv,permit,high,"Des Moines-West Des Moines, IA"
NAT-0045,Amazon,DS,FORT WAYNE,IN,46818,5510 FLAUGH ROAD,,,2025,4,,,,open,data/collection/results/NATIONAL_CLASSIFIED.csv,permit,high,"Fort Wayne, IN"
NAT-0046,Amazon,DS,NEW CARLISLE,IN,46552,31100 STATE ROUTE 2,,,2026,1,,,,open,data/collection/results/NATIONAL_CLASSIFIED.csv,permit,high,"South Bend-Mishawaka, IN-MI"
NAT-0047,Amazon,DS,SHAWNEE,KS,66226,4054 POWELL DRIVE,,,2026,1,,,,open,data/collection/results/NATIONAL_CLASSIFIED.csv,permit,high,"Kansas City, MO-KS"
NAT-0048,Amazon,DS,HEBRON,KY,41048,2305 LITTON LANE,,,2020,2,,,,open,data/collection/results/NATIONAL_CLASSIFIED.csv,permit,high,"Cincinnati, OH-KY-IN"
NAT-0049,Amazon,DS,LEXINGTON,KY,40511,1180 NEWTOWN PIKE,,,2025,4,,,,open,data/collection/results/NATIONAL_CLASSIFIED.csv,permit,high,"Lexington-Fayette, KY"
NAT-0050,Amazon,DS,BELLINGHAM,MA,02019,351 MAPLE STREET,,,2025,3,,,,open,data/collection/results/NATIONAL_CLASSIFIED.csv,permit,high,"Boston-Cambridge-Newton, MA-NH"
NAT-0051,Amazon,DS,EVERETT,MA,02149,201 BEACHAM STREET,,,2020,1,,,,open,data/collection/results/NATIONAL_CLASSIFIED.csv,permit,high,"Boston-Cambridge-Newton, MA-NH"
NAT-0052,Amazon,DS,NORWOOD,MA,02062,750 EVERETT STREET,,,2024,4,,,,open,data/collection/results/NATIONAL_CLASSIFIED.csv,permit,high,"Boston-Cambridge-Newton, MA-NH"
NAT-0053,Amazon,DS,UXBRIDGE,MA,01569,515 DOUGLAS STREET,,,2026,3,,,,open,data/collection/results/NATIONAL_CLASSIFIED.csv,permit,high,"Worcester, MA"
NAT-0054,Amazon,DS,WILMINGTON,MA,01887,110 FORDHAM ROAD,,,2023,4,,,,open,data/collection/results/NATIONAL_CLASSIFIED.csv,permit,high,"Boston-Cambridge-Newton, MA-NH"
NAT-0055,Amazon,DS,ABERDEEN,MD,21001,913 OLD PHILADELPHIA ROAD,,,2024,1,,,,open,data/collection/results/NATIONAL_CLASSIFIED.csv,permit,high,"Baltimore-Columbia-Towson, MD"
NAT-0056,Amazon,DS,EDGEWOOD,MD,21040,2203 LAKESIDE BOULEVARD,,,2020,4,,,,open,data/collection/results/NATIONAL_CLASSIFIED.csv,permit,high,"Baltimore-Columbia-Towson, MD"
NAT-0057,Amazon,DS,ELKRIDGE,MD,21075,7200 DORSEY RUN ROAD,,,2022,3,,,,open,data/collection/results/NATIONAL_CLASSIFIED.csv,permit,high,"Baltimore-Columbia-Towson, MD"
NAT-0058,Amazon,DS,HIGHLANDTOWN,MD,21224,5501 HOLABIRD AVENUE,,,2018,3,,,,open,data/collection/results/NATIONAL_CLASSIFIED.csv,permit,high,"Baltimore-Columbia-Towson, MD"
NAT-0059,Amazon,DS,HAZEL PARK,MI,48030,1400 E 10 MILE RD SUITE 190,,,2025,4,,,,open,data/collection/results/NATIONAL_CLASSIFIED.csv,permit,high,"Detroit-Warren-Dearborn, MI"
NAT-0060,Amazon,DS,MUSKEGON,MI,49440,550 W. WESTERN AVE,,,2016,1,,,,open,data/collection/results/NATIONAL_CLASSIFIED.csv,permit,high,"Muskegon-Norton Shores, MI"
NAT-0061,Amazon,DS,OSSEO,MN,55369,10440 89TH AVE N,,,2021,3,,,,open,data/collection/results/NATIONAL_CLASSIFIED.csv,permit,high,"Minneapolis-St. Paul-Bloomington, MN-WI"
NAT-0062,Amazon,DS,SAINT PAUL,MN,55121,3130 LEXINGTON AVE S,,,2023,2,,,,open,data/collection/results/NATIONAL_CLASSIFIED.csv,permit,high,"Minneapolis-St. Paul-Bloomington, MN-WI"
NAT-0063,Amazon,DS,BERKELEY,MO,63134,8850 SPRINGDALE AVENUE,,,2025,1,,,,open,data/collection/results/NATIONAL_CLASSIFIED.csv,permit,high,"St. Louis, MO-IL"
NAT-0064,Amazon,DS,BLUE SPRINGS,MO,64029,2400 NORTHEAST CORONADO DRIVE,,,2022,4,,,,open,data/collection/results/NATIONAL_CLASSIFIED.csv,permit,high,"Kansas City, MO-KS"
NAT-0065,Amazon,DS,COLFAX,NC,27235,7929 NATIONAL SERVICE RD,,,2023,2,,,,open,data/collection/results/NATIONAL_CLASSIFIED.csv,permit,high,"Greensboro-High Point, NC"
NAT-0066,Amazon,DS,CONCORD,NC,28027,413 GOODMAN ROAD,,,2023,1,,,,open,data/collection/results/NATIONAL_CLASSIFIED.csv,permit,high,"Charlotte-Concord-Gastonia, NC-SC"
NAT-0067,Amazon,DS,DURHAM,NC,27703,1275 PERSON STREET,,,2024,1,,,,open,data/collection/results/NATIONAL_CLASSIFIED.csv,permit,high,"Durham-Chapel Hill, NC"
NAT-0068,Amazon,DS,GARNER,NC,27529,1201 N GREENFIELD PARKWAY,,,2026,3,,,,open,data/collection/results/NATIONAL_CLASSIFIED.csv,permit,high,"Raleigh-Cary, NC"
NAT-0069,Amazon,DS,EGG HARBOR CITY,NJ,08215,310 N. PRAGUE AVENUE,,,2021,4,,,,open,data/collection/results/NATIONAL_CLASSIFIED.csv,permit,high,"Atlantic City-Hammonton, NJ"
NAT-0070,Amazon,DS,VINELAND,NJ,08360,2321 INDUSTRIAL WAY SUITE A,,,2013,4,,,,open,data/collection/results/NATIONAL_CLASSIFIED.csv,permit,high,"Vineland, NJ"
NAT-0071,Amazon,DS,HENDERSON,NV,89044,12300 SOUTH BERMUDA ROAD,,,2021,3,,,,open,data/collection/results/NATIONAL_CLASSIFIED.csv,permit,high,"Las Vegas-Henderson-North Las Vegas, NV"
NAT-0072,Amazon,DS,LAS VEGAS,NV,89115,3777 MARION DRIVE,,,2024,1,,,,open,data/collection/results/NATIONAL_CLASSIFIED.csv,permit,high,"Las Vegas-Henderson-North Las Vegas, NV"
NAT-0073,Amazon,DS,NEW WINDSOR,NY,12553,500 HUDSON VALLEY AVENUE,,,2022,3,,,,open,data/collection/results/NATIONAL_CLASSIFIED.csv,permit,high,"Kiryas Joel-Poughkeepsie-Newburgh, NY"
NAT-0074,Amazon,DS,AKRON,OH,44320,2450 ROMIG ROAD,,,2022,4,,,,open,data/collection/results/NATIONAL_CLASSIFIED.csv,permit,high,"Akron, OH"
NAT-0075,Amazon,DS,COLUMBUS,OH,43229,6465 BUSCH BOULEVARD,,,2022,3,,,,open,data/collection/results/NATIONAL_CLASSIFIED.csv,permit,high,"Columbus, OH"
NAT-0076,Amazon,DS,VALLEY VIEW,OH,44125,5585 CANAL ROAD,,,2026,2,,,,open,data/collection/results/NATIONAL_CLASSIFIED.csv,permit,high,"Cleveland, OH"
NAT-0077,Amazon,DS,FAIRVIEW,OR,97024,3108 NE 230TH AVE,,,2021,3,,,,open,data/collection/results/NATIONAL_CLASSIFIED.csv,permit,high,"Portland-Vancouver-Hillsboro, OR-WA"
NAT-0078,Amazon,DS,PORTLAND,OR,97210,3610 NW SAINT HELENS RD,,,2017,4,,,,open,data/collection/results/NATIONAL_CLASSIFIED.csv,permit,high,"Portland-Vancouver-Hillsboro, OR-WA"
NAT-0079,Amazon,DS,PORTLAND,OR,97210,3610 NW ST HELENS RD,,,2018,3,,,,open,data/collection/results/NATIONAL_CLASSIFIED.csv,permit,high,"Portland-Vancouver-Hillsboro, OR-WA"
NAT-0080,Amazon,DS,TUALATIN,OR,97062,21409 SW 115TH AVE,,,2022,1,,,,open,data/collection/results/NATIONAL_CLASSIFIED.csv,permit,high,"Portland-Vancouver-Hillsboro, OR-WA"
NAT-0081,Amazon,DS,CORAOPOLIS,PA,15108,177 MCCLAREN ROAD,,,2023,1,,,,open,data/collection/results/NATIONAL_CLASSIFIED.csv,permit,high,"Pittsburgh, PA"
NAT-0082,Amazon,DS,ERIE,PA,16506,2424 WEST 23RD STREET,,,2025,4,,,,open,data/collection/results/NATIONAL_CLASSIFIED.csv,permit,high,"Erie, PA"
NAT-0083,Amazon,DS,JESSUP,PA,18434,45 VALLEY VIEW DRIVE,,,2023,2,,,,open,data/collection/results/NATIONAL_CLASSIFIED.csv,permit,high,"Scranton--Wilkes-Barre, PA"
NAT-0084,Amazon,DS,MECHANICSBURG,PA,17055,360 INDEPENDENCE AVE,,,2024,2,,,,open,data/collection/results/NATIONAL_CLASSIFIED.csv,permit,high,"Harrisburg-Carlisle, PA"
NAT-0085,Amazon,DS,MIDDLETOWN,PA,17057,3327 EAST HARRISBURG PIKE,,,2024,4,,,,open,data/collection/results/NATIONAL_CLASSIFIED.csv,permit,high,"Harrisburg-Carlisle, PA"
NAT-0086,Amazon,DS,PHILADELPHIA,PA,19153,7575 BREWSTER AVE,,,2021,3,,,,open,data/collection/results/NATIONAL_CLASSIFIED.csv,permit,high,"Philadelphia-Camden-Wilmington, PA-NJ-DE-MD"
NAT-0087,Amazon,DS,PHILADELPHIA,PA,19137,4219 RICHMOND STREET,,,2024,4,,,,open,data/collection/results/NATIONAL_CLASSIFIED.csv,permit,high,"Philadelphia-Camden-Wilmington, PA-NJ-DE-MD"
NAT-0088,Amazon,DS,PROVIDENCE,RI,02907,115 DUPONT DR.,,,2024,1,,,,open,data/collection/results/NATIONAL_CLASSIFIED.csv,permit,high,"Providence-Warwick, RI-MA"
NAT-0089,Amazon,DS,LADSON,SC,29456,9801 HWY 78,,,2024,2,,,,open,data/collection/results/NATIONAL_CLASSIFIED.csv,permit,high,"Charleston-North Charleston, SC"
NAT-0090,Amazon,DS,KNOXVILLE,TN,37924,3001 KNOXVILLE CENTER DRIVE,,,2026,3,,,,open,data/collection/results/NATIONAL_CLASSIFIED.csv,permit,high,"Knoxville, TN"
NAT-0091,Amazon,DS,FRESNO,TX,77545,2303 HURRICANE LANE,,,2022,1,,,,open,data/collection/results/NATIONAL_CLASSIFIED.csv,permit,high,"Houston-Pasadena-The Woodlands, TX"
NAT-0092,Amazon,DS,LUBBOCK,TX,79403,3002 EAST MUNICIPAL DRIVE,,,2022,3,,,,open,data/collection/results/NATIONAL_CLASSIFIED.csv,permit,high,"Lubbock, TX"
NAT-0093,Amazon,DS,SAN ANTONIO,TX,78247,6558 E CAMPUS DR BUILDING 2,,,2019,2,,,,open,data/collection/results/NATIONAL_CLASSIFIED.csv,permit,high,"San Antonio-New Braunfels, TX"
NAT-0094,Amazon,DS,AMERICAN FORK,UT,84003,1222 S 500 E,,,2022,4,,,,open,data/collection/results/NATIONAL_CLASSIFIED.csv,permit,high,"Provo-Orem-Lehi, UT"
NAT-0095,Amazon,DS,AMERICAN FORK,UT,84003,346 E 1600 S,,,2026,2,,,,open,data/collection/results/NATIONAL_CLASSIFIED.csv,permit,high,"Provo-Orem-Lehi, UT"
NAT-0096,Amazon,DS,SALT LAKE CITY,UT,84116,5420 JOHN CANNON DR STE 500,,,2023,4,,,,open,data/collection/results/NATIONAL_CLASSIFIED.csv,permit,high,"Salt Lake City-Murray, UT"
NAT-0097,Amazon,DS,WEST JORDAN,UT,84081,7148 W  OLD BINGHAM HIGHWAY,,,2021,4,,,,open,data/collection/results/NATIONAL_CLASSIFIED.csv,permit,high,"Salt Lake City-Murray, UT"
NAT-0098,Amazon,DS,WEST JORDAN,UT,84081,7001 NEW BINGHAM HIGHWAY,,,2023,2,,,,open,data/collection/results/NATIONAL_CLASSIFIED.csv,permit,high,"Salt Lake City-Murray, UT"
NAT-0099,Amazon,DS,RICHMOND,VA,23234,AMAZON XR13 4949 COMMERCE RD,,,2026,2,,,,open,data/collection/results/NATIONAL_CLASSIFIED.csv,permit,high,"Richmond, VA"
NAT-0100,Amazon,DS,ROANOKE,VA,24012,2002 BLUE HILLS DRIVE NE,,,2025,1,,,,open,data/collection/results/NATIONAL_CLASSIFIED.csv,permit,high,"Roanoke, VA"
NAT-0101,Amazon,DS,ROCKVILLE,VA,23146,2022 ASHLAND ROAD,,,2026,3,,,,open,data/collection/results/NATIONAL_CLASSIFIED.csv,permit,high,"Richmond, VA"
NAT-0102,Amazon,DS,WAYNESBORO,VA,22980,2712 WEST MAIN STREET,,,2026,1,,,,open,data/collection/results/NATIONAL_CLASSIFIED.csv,permit,high,"Staunton-Stuarts Draft, VA"
NAT-0103,Amazon,DS,BREMERTON,WA,98312,7555 AIRPORT WAY SW,,,2024,3,,,,open,data/collection/results/NATIONAL_CLASSIFIED.csv,permit,high,"Bremerton-Silverdale-Port Orchard, WA"
NAT-0104,Amazon,DS,LACEY,WA,98516,3300 HOGUM BAY RD NE,,,2022,1,,,,open,data/collection/results/NATIONAL_CLASSIFIED.csv,permit,high,"Olympia-Lacey-Tumwater, WA"
