facility_id,site_address,city,state,zip,open_year,open_quarter,osha_operating_by,source,address_full
NAT-0001,5900 OLD SEWARD HIGHWAY,ANCHORAGE,AK,99518,2024,4,2024-11-13,national_panel,"5900 OLD SEWARD HIGHWAY, ANCHORAGE, AK 99518"
NAT-0002,300 BOONE DRIVE.,AMERICAN CANYON,CA,94503,2023,2,2023-04-28,national_panel,"300 BOONE DRIVE., AMERICAN CANYON, CA 94503"
NAT-0003,1601 PETROL ROAD,BAKERSFIELD,CA,93308,2022,3,2022-08-15,national_panel,"1601 PETROL ROAD, BAKERSFIELD, CA 93308"
NAT-0004,3388 SOUTH CACTUS AVENUE,BLOOMINGTON,CA,92316,2023,2,2023-05-02,national_panel,"3388 SOUTH CACTUS AVENUE, BLOOMINGTON, CA 92316"
NAT-0005,3001 MISSION OAKS BOULEVARD,CAMARILLO,CA,93012,2025,4,2025-11-21,national_panel,"3001 MISSION OAKS BOULEVARD, CAMARILLO, CA 93012"
NAT-0006,9031 LURLINE AVE.,CHATSWORTH,CA,91311,2020,4,2020-11-04,national_panel,"9031 LURLINE AVE., CHATSWORTH, CA 91311"
NAT-0007,20730 PRAIRIE STREET,CHATSWORTH,CA,91311,2022,3,2022-08-08,national_panel,"20730 PRAIRIE STREET, CHATSWORTH, CA 91311"
NAT-0008,15930 VALLEY BOULEVARD,CITY OF INDUSTRY,CA,91744,2022,2,2022-06-14,national_panel,"15930 VALLEY BOULEVARD, CITY OF INDUSTRY, CA 91744"
NAT-0009,64615 19TH AVENUE,DESERT HOT SPRINGS,CA,92240,2026,3,2026-08-14,national_panel,"64615 19TH AVENUE, DESERT HOT SPRINGS, CA 92240"
NAT-0010,2325 S. CEDAR AVE,FRESNO,CA,93725,2022,2,2022-05-19,national_panel,"2325 S. CEDAR AVE, FRESNO, CA 93725"
NAT-0012,2815 W. EL SEGUNDO BLVD.,HOLLYGLEN,CA,90250,2017,4,2017-12-29,national_panel,"2815 W. EL SEGUNDO BLVD., HOLLYGLEN, CA 90250"
NAT-0013,3565 NORTH AIRPORT WAY,MANTECA,CA,95336,2025,2,2025-04-28,national_panel,"3565 NORTH AIRPORT WAY, MANTECA, CA 95336"
NAT-0014,25725 JERONIMO ROAD,MISSION VIEJO,CA,92691,2021,3,2021-09-23,national_panel,"25725 JERONIMO ROAD, MISSION VIEJO, CA 92691"
NAT-0015,3731 FINCH ROAD,MODESTO,CA,95357,2020,2,2020-05-21,national_panel,"3731 FINCH ROAD, MODESTO, CA 95357"
NAT-0016,2496 W. WALNUT AVENUE,RIALTO,CA,92376,2020,2,2020-05-18,national_panel,"2496 W. WALNUT AVENUE, RIALTO, CA 92376"
NAT-0017,4187 TEMPLE CITY BOULEVARD,ROSEMEAD,CA,91770,2024,2,2024-05-30,national_panel,"4187 TEMPLE CITY BOULEVARD, ROSEMEAD, CA 91770"
NAT-0018,7601 FOOTHILLS BLVD,ROSEVILLE,CA,95747,2022,1,2022-01-18,national_panel,"7601 FOOTHILLS BLVD, ROSEVILLE, CA 95747"
NAT-0019,2400 MCCLELLAN PARK DRIVE,SACRAMENTO,CA,95838,2022,2,2022-05-18,national_panel,"2400 MCCLELLAN PARK DRIVE, SACRAMENTO, CA 95838"
NAT-0020,7601 METRO AIR PARKWAY,SACRAMENTO,CA,95835,2026,2,2026-06-16,national_panel,"7601 METRO AIR PARKWAY, SACRAMENTO, CA 95835"
NAT-0021,5990 NORTH CAJON BLVD,SAN BERNARDINO,CA,92408,2022,2,2022-05-18,national_panel,"5990 NORTH CAJON BLVD, SAN BERNARDINO, CA 92408"
NAT-0022,6971 OTAY MESA RD.,SAN DIEGO,CA,92154,2026,3,2026-08-17,national_panel,"6971 OTAY MESA RD., SAN DIEGO, CA 92154"
NAT-0023,6001 S AUSTIN RD.,STOCKTON,CA,95215,2022,1,2022-02-07,national_panel,"6001 S AUSTIN RD., STOCKTON, CA 95215"
NAT-0024,6201 NEWCASTLE RD,STOCKTON,CA,95215,2025,3,2025-07-01,national_panel,"6201 NEWCASTLE RD, STOCKTON, CA 95215"
NAT-0025,1500 EAST GRANT LINE ROAD,TRACY,CA,95304,2025,1,2025-03-17,national_panel,"1500 EAST GRANT LINE ROAD, TRACY, CA 95304"
NAT-0027,28820 CHASE PLACE,VALENCIA,CA,91355,2022,3,2022-07-25,national_panel,"28820 CHASE PLACE, VALENCIA, CA 91355"
NAT-0028,7704 MILTON E PROBY PKWY,COLORADO SPRINGS,CO,80926,2019,2,2019-04-08,national_panel,"7704 MILTON E PROBY PKWY, COLORADO SPRINGS, CO 80926"
NAT-0029,2318 WAVERLY BARN ROAD,DAVENPORT,FL,33897,2023,2,2023-05-25,national_panel,"2318 WAVERLY BARN ROAD, DAVENPORT, FL 33897"
NAT-0030,17030 MENTMORE BOULEVARD,LAND O LAKES,FL,34638,2022,2,2022-04-04,national_panel,"17030 MENTMORE BOULEVARD, LAND O LAKES, FL 34638"
NAT-0031,7469 KINGSPOINTE PARKWAY,ORLANDO,FL,32819,2024,1,2024-01-31,national_panel,"7469 KINGSPOINTE PARKWAY, ORLANDO, FL 32819"
NAT-0032,2906 CORPORATE WAY,PALMETTO,FL,34221,2017,4,2017-11-07,national_panel,"2906 CORPORATE WAY, PALMETTO, FL 34221"
NAT-0033,1760 COUNTY LINE ROAD,PLANT CITY,FL,33566,2015,1,2015-03-31,national_panel,"1760 COUNTY LINE ROAD, PLANT CITY, FL 33566"
NAT-0034,6384 HARNEY ROAD,TAMPA,FL,33610,2023,3,2023-08-22,national_panel,"6384 HARNEY ROAD, TAMPA, FL 33610"
NAT-0035,8824 E ADAMO DRIVE,TAMPA,FL,33619,2023,4,2023-11-08,national_panel,"8824 E ADAMO DRIVE, TAMPA, FL 33619"
NAT-0037,770 COMMERCE DRIVE,VENICE,FL,34292,2021,3,2021-08-03,national_panel,"770 COMMERCE DRIVE, VENICE, FL 34292"
NAT-0038,5000 LANIER ISLANDS PARKWAY,BUFORD,GA,30518,2023,3,2023-08-17,national_panel,"5000 LANIER ISLANDS PARKWAY, BUFORD, GA 30518"
NAT-0039,60 TRIPLE-B TRAIL,POOLER,GA,31322,2024,4,2024-11-12,national_panel,"60 TRIPLE-B TRAIL, POOLER, GA 31322"
NAT-0040,1500 CROSSGATE ROAD,PORT WENTWORTH,GA,31407,2023,1,2023-03-10,national_panel,"1500 CROSSGATE ROAD, PORT WENTWORTH, GA 31407"
NAT-0041,4800 HIGHLANDS PARKWAY,SMYRNA,GA,30082,2019,3,2019-08-06,national_panel,"4800 HIGHLANDS PARKWAY, SMYRNA, GA 30082"
NAT-0042,2255 WEST PARK PLACE BLVD.,STONE MOUNTAIN,GA,30087,2022,1,2022-03-09,national_panel,"2255 WEST PARK PLACE BLVD., STONE MOUNTAIN, GA 30087"
NAT-0043,2101 AUIKI STREET,HONOLULU,HI,96819,2025,2,2025-06-05,national_panel,"2101 AUIKI STREET, HONOLULU, HI 96819"
NAT-0044,1301 SE GATEWAY DRIVE,GRIMES,IA,50111,2025,1,2025-01-14,national_panel,"1301 SE GATEWAY DRIVE, GRIMES, IA 50111"
NAT-0045,5510 FLAUGH ROAD,FORT WAYNE,IN,46818,2025,4,2025-11-21,national_panel,"5510 FLAUGH ROAD, FORT WAYNE, IN 46818"
NAT-0046,31100 STATE ROUTE 2,NEW CARLISLE,IN,46552,2026,1,2026-02-04,national_panel,"31100 STATE ROUTE 2, NEW CARLISLE, IN 46552"
NAT-0047,4054 POWELL DRIVE,SHAWNEE,KS,66226,2026,1,2026-02-10,national_panel,"4054 POWELL DRIVE, SHAWNEE, KS 66226"
NAT-0048,2305 LITTON LANE,HEBRON,KY,41048,2020,2,2020-06-09,national_panel,"2305 LITTON LANE, HEBRON, KY 41048"
NAT-0049,1180 NEWTOWN PIKE,LEXINGTON,KY,40511,2025,4,2025-10-23,national_panel,"1180 NEWTOWN PIKE, LEXINGTON, KY 40511"
NAT-0050,351 MAPLE STREET,BELLINGHAM,MA,02019,2025,3,2025-07-23,national_panel,"351 MAPLE STREET, BELLINGHAM, MA 02019"
NAT-0051,201 BEACHAM STREET,EVERETT,MA,02149,2020,1,2020-02-21,national_panel,"201 BEACHAM STREET, EVERETT, MA 02149"
NAT-0052,750 EVERETT STREET,NORWOOD,MA,02062,2024,4,2024-11-15,national_panel,"750 EVERETT STREET, NORWOOD, MA 02062"
NAT-0053,515 DOUGLAS STREET,UXBRIDGE,MA,01569,2026,3,2026-08-04,national_panel,"515 DOUGLAS STREET, UXBRIDGE, MA 01569"
NAT-0054,110 FORDHAM ROAD,WILMINGTON,MA,01887,2023,4,2023-11-21,national_panel,"110 FORDHAM ROAD, WILMINGTON, MA 01887"
NAT-0055,913 OLD PHILADELPHIA ROAD,ABERDEEN,MD,21001,2024,1,2024-01-24,national_panel,"913 OLD PHILADELPHIA ROAD, ABERDEEN, MD 21001"
NAT-0056,2203 LAKESIDE BOULEVARD,EDGEWOOD,MD,21040,2020,4,2020-12-23,national_panel,"2203 LAKESIDE BOULEVARD, EDGEWOOD, MD 21040"
NAT-0057,7200 DORSEY RUN ROAD,ELKRIDGE,MD,21075,2022,3,2022-07-06,national_panel,"7200 DORSEY RUN ROAD, ELKRIDGE, MD 21075"
NAT-0058,5501 HOLABIRD AVENUE,HIGHLANDTOWN,MD,21224,2018,3,2018-09-10,national_panel,"5501 HOLABIRD AVENUE, HIGHLANDTOWN, MD 21224"
NAT-0059,1400 E 10 MILE RD SUITE 190,HAZEL PARK,MI,48030,2025,4,2025-10-02,national_panel,"1400 E 10 MILE RD SUITE 190, HAZEL PARK, MI 48030"
NAT-0060,550 W. WESTERN AVE,MUSKEGON,MI,49440,2016,1,2016-03-09,national_panel,"550 W. WESTERN AVE, MUSKEGON, MI 49440"
NAT-0061,10440 89TH AVE N,OSSEO,MN,55369,2021,3,2021-08-05,national_panel,"10440 89TH AVE N, OSSEO, MN 55369"
NAT-0062,3130 LEXINGTON AVE S,SAINT PAUL,MN,55121,2023,2,2023-05-26,national_panel,"3130 LEXINGTON AVE S, SAINT PAUL, MN 55121"
NAT-0063,8850 SPRINGDALE AVENUE,BERKELEY,MO,63134,2025,1,2025-01-14,national_panel,"8850 SPRINGDALE AVENUE, BERKELEY, MO 63134"
NAT-0064,2400 NORTHEAST CORONADO DRIVE,BLUE SPRINGS,MO,64029,2022,4,2022-10-25,national_panel,"2400 NORTHEAST CORONADO DRIVE, BLUE SPRINGS, MO 64029"
NAT-0065,7929 NATIONAL SERVICE RD,COLFAX,NC,27235,2023,2,2023-04-27,national_panel,"7929 NATIONAL SERVICE RD, COLFAX, NC 27235"
NAT-0066,413 GOODMAN ROAD,CONCORD,NC,28027,2023,1,2023-02-16,national_panel,"413 GOODMAN ROAD, CONCORD, NC 28027"
NAT-0067,1275 PERSON STREET,DURHAM,NC,27703,2024,1,2024-03-07,national_panel,"1275 PERSON STREET, DURHAM, NC 27703"
NAT-0068,1201 N GREENFIELD PARKWAY,GARNER,NC,27529,2026,3,2026-07-06,national_panel,"1201 N GREENFIELD PARKWAY, GARNER, NC 27529"
NAT-0069,310 N. PRAGUE AVENUE,EGG HARBOR CITY,NJ,08215,2021,4,2021-10-27,national_panel,"310 N. PRAGUE AVENUE, EGG HARBOR CITY, NJ 08215"
NAT-0070,2321 INDUSTRIAL WAY SUITE A,VINELAND,NJ,08360,2013,4,2013-11-08,national_panel,"2321 INDUSTRIAL WAY SUITE A, VINELAND, NJ 08360"
NAT-0071,12300 SOUTH BERMUDA ROAD,HENDERSON,NV,89044,2021,3,2021-08-24,national_panel,"12300 SOUTH BERMUDA ROAD, HENDERSON, NV 89044"
NAT-0072,3777 MARION DRIVE,LAS VEGAS,NV,89115,2024,1,2024-03-07,national_panel,"3777 MARION DRIVE, LAS VEGAS, NV 89115"
NAT-0073,500 HUDSON VALLEY AVENUE,NEW WINDSOR,NY,12553,2022,3,2022-07-18,national_panel,"500 HUDSON VALLEY AVENUE, NEW WINDSOR, NY 12553"
NAT-0074,2450 ROMIG ROAD,AKRON,OH,44320,2022,4,2022-10-07,national_panel,"2450 ROMIG ROAD, AKRON, OH 44320"
NAT-0075,6465 BUSCH BOULEVARD,COLUMBUS,OH,43229,2022,3,2022-09-09,national_panel,"6465 BUSCH BOULEVARD, COLUMBUS, OH 43229"
NAT-0076,5585 CANAL ROAD,VALLEY VIEW,OH,44125,2026,2,2026-05-21,national_panel,"5585 CANAL ROAD, VALLEY VIEW, OH 44125"
NAT-0077,3108 NE 230TH AVE,FAIRVIEW,OR,97024,2021,3,2021-09-23,national_panel,"3108 NE 230TH AVE, FAIRVIEW, OR 97024"
NAT-0078,3610 NW SAINT HELENS RD,PORTLAND,OR,97210,2017,4,2017-12-21,national_panel,"3610 NW SAINT HELENS RD, PORTLAND, OR 97210"
NAT-0080,21409 SW 115TH AVE,TUALATIN,OR,97062,2022,1,2022-01-21,national_panel,"21409 SW 115TH AVE, TUALATIN, OR 97062"
NAT-0081,177 MCCLAREN ROAD,CORAOPOLIS,PA,15108,2023,1,2023-02-08,national_panel,"177 MCCLAREN ROAD, CORAOPOLIS, PA 15108"
NAT-0082,2424 WEST 23RD STREET,ERIE,PA,16506,2025,4,2025-10-22,national_panel,"2424 WEST 23RD STREET, ERIE, PA 16506"
NAT-0083,45 VALLEY VIEW DRIVE,JESSUP,PA,18434,2023,2,2023-06-15,national_panel,"45 VALLEY VIEW DRIVE, JESSUP, PA 18434"
NAT-0084,360 INDEPENDENCE AVE,MECHANICSBURG,PA,17055,2024,2,2024-05-29,national_panel,"360 INDEPENDENCE AVE, MECHANICSBURG, PA 17055"
NAT-0085,3327 EAST HARRISBURG PIKE,MIDDLETOWN,PA,17057,2024,4,2024-12-12,national_panel,"3327 EAST HARRISBURG PIKE, MIDDLETOWN, PA 17057"
NAT-0086,7575 BREWSTER AVE,PHILADELPHIA,PA,19153,2021,3,2021-09-16,national_panel,"7575 BREWSTER AVE, PHILADELPHIA, PA 19153"
NAT-0087,4219 RICHMOND STREET,PHILADELPHIA,PA,19137,2024,4,2024-10-21,national_panel,"4219 RICHMOND STREET, PHILADELPHIA, PA 19137"
NAT-0088,115 DUPONT DR.,PROVIDENCE,RI,02907,2024,1,2024-03-21,national_panel,"115 DUPONT DR., PROVIDENCE, RI 02907"
NAT-0089,9801 HWY 78,LADSON,SC,29456,2024,2,2024-05-22,national_panel,"9801 HWY 78, LADSON, SC 29456"
NAT-0090,3001 KNOXVILLE CENTER DRIVE,KNOXVILLE,TN,37924,2026,3,2026-09-01,national_panel,"3001 KNOXVILLE CENTER DRIVE, KNOXVILLE, TN 37924"
NAT-0091,2303 HURRICANE LANE,FRESNO,TX,77545,2022,1,2022-02-01,national_panel,"2303 HURRICANE LANE, FRESNO, TX 77545"
NAT-0092,3002 EAST MUNICIPAL DRIVE,LUBBOCK,TX,79403,2022,3,2022-07-29,national_panel,"3002 EAST MUNICIPAL DRIVE, LUBBOCK, TX 79403"
NAT-0093,6558 E CAMPUS DR BUILDING 2,SAN ANTONIO,TX,78247,2019,2,2019-06-06,national_panel,"6558 E CAMPUS DR BUILDING 2, SAN ANTONIO, TX 78247"
NAT-0094,1222 S 500 E,AMERICAN FORK,UT,84003,2022,4,2022-12-08,national_panel,"1222 S 500 E, AMERICAN FORK, UT 84003"
NAT-0095,346 E 1600 S,AMERICAN FORK,UT,84003,2026,2,2026-04-08,national_panel,"346 E 1600 S, AMERICAN FORK, UT 84003"
NAT-0096,5420 JOHN CANNON DR STE 500,SALT LAKE CITY,UT,84116,2023,4,2023-10-17,national_panel,"5420 JOHN CANNON DR STE 500, SALT LAKE CITY, UT 84116"
NAT-0097,7148 W  OLD BINGHAM HIGHWAY,WEST JORDAN,UT,84081,2021,4,2021-11-26,national_panel,"7148 W  OLD BINGHAM HIGHWAY, WEST JORDAN, UT 84081"
NAT-0098,7001 NEW BINGHAM HIGHWAY,WEST JORDAN,UT,84081,2023,2,2023-06-28,national_panel,"7001 NEW BINGHAM HIGHWAY, WEST JORDAN, UT 84081"
NAT-0099,AMAZON XR13 4949 COMMERCE RD,RICHMOND,VA,23234,2026,2,2026-05-27,national_panel,"AMAZON XR13 4949 COMMERCE RD, RICHMOND, VA 23234"
NAT-0100,2002 BLUE HILLS DRIVE NE,ROANOKE,VA,24012,2025,1,2025-02-25,national_panel,"2002 BLUE HILLS DRIVE NE, ROANOKE, VA 24012"
NAT-0101,2022 ASHLAND ROAD,ROCKVILLE,VA,23146,2026,3,2026-08-25,national_panel,"2022 ASHLAND ROAD, ROCKVILLE, VA 23146"
NAT-0102,2712 WEST MAIN STREET,WAYNESBORO,VA,22980,2026,1,2026-03-02,national_panel,"2712 WEST MAIN STREET, WAYNESBORO, VA 22980"
NAT-0103,7555 AIRPORT WAY SW,BREMERTON,WA,98312,2024,3,2024-08-22,national_panel,"7555 AIRPORT WAY SW, BREMERTON, WA 98312"
NAT-0104,3300 HOGUM BAY RD NE,LACEY,WA,98516,2022,1,2022-03-17,national_panel,"3300 HOGUM BAY RD NE, LACEY, WA 98516"
B1-002,17341 WEST MINNEZONA AVENUE,GOODYEAR,AZ,85395,,,2024-09-18,batch1_unlabelled,"17341 WEST MINNEZONA AVENUE, GOODYEAR, AZ 85395"
B1-006,800 S 75TH AVE,PHOENIX,AZ,85043,,,2017-06-02,batch1_unlabelled,"800 S 75TH AVE, PHOENIX, AZ 85043"
B1-008,300 BOONE DRIVE.,AMERICAN CANYON,CA,94503,,,2023-04-28,batch1_unlabelled,"300 BOONE DRIVE., AMERICAN CANYON, CA 94503"
B1-009,1601 PETROL ROAD,BAKERSFIELD,CA,93308,,,2022-08-15,batch1_unlabelled,"1601 PETROL ROAD, BAKERSFIELD, CA 93308"
B1-011,3388 SOUTH CACTUS AVENUE,BLOOMINGTON,CA,92316,,,2023-05-02,batch1_unlabelled,"3388 SOUTH CACTUS AVENUE, BLOOMINGTON, CA 92316"
B1-013,3001 MISSION OAKS BOULEVARD,CAMARILLO,CA,93012,,,2025-11-21,batch1_unlabelled,"3001 MISSION OAKS BOULEVARD, CAMARILLO, CA 93012"
B1-014,20730 PRAIRIE STREET,CHATSWORTH,CA,91311,,,2022-08-08,batch1_unlabelled,"20730 PRAIRIE STREET, CHATSWORTH, CA 91311"
B1-015,9031 LURLINE AVE.,CHATSWORTH,CA,91311,,,2020-11-04,batch1_unlabelled,"9031 LURLINE AVE., CHATSWORTH, CA 91311"
B1-016,15930 VALLEY BOULEVARD,CITY OF INDUSTRY,CA,91744,,,2022-06-14,batch1_unlabelled,"15930 VALLEY BOULEVARD, CITY OF INDUSTRY, CA 91744"
B1-018,64615 19TH AVENUE,DESERT HOT SPRINGS,CA,92240,,,2026-08-14,batch1_unlabelled,"64615 19TH AVENUE, DESERT HOT SPRINGS, CA 92240"
B1-021,44109 PACIFIC COMMONS BLVD.,FREMONT,CA,94538,,,2022-05-19,batch1_unlabelled,"44109 PACIFIC COMMONS BLVD., FREMONT, CA 94538"
B1-022,2325 S. CEDAR AVE,FRESNO,CA,93725,,,2022-05-19,batch1_unlabelled,"2325 S. CEDAR AVE, FRESNO, CA 93725"
B1-024,2815 W. EL SEGUNDO BLVD.,HOLLYGLEN,CA,90250,,,2017-12-29,batch1_unlabelled,"2815 W. EL SEGUNDO BLVD., HOLLYGLEN, CA 90250"
B1-026,3565 NORTH AIRPORT WAY,MANTECA,CA,95336,,,2025-04-28,batch1_unlabelled,"3565 NORTH AIRPORT WAY, MANTECA, CA 95336"
B1-027,25725 JERONIMO ROAD,MISSION VIEJO,CA,92691,,,2021-09-23,batch1_unlabelled,"25725 JERONIMO ROAD, MISSION VIEJO, CA 92691"
B1-028,3731 FINCH ROAD,MODESTO,CA,95357,,,2020-05-21,batch1_unlabelled,"3731 FINCH ROAD, MODESTO, CA 95357"
B1-031,5800 COLISEUM WAY,OAKLAND,CA,94621,,,2023-06-06,batch1_unlabelled,"5800 COLISEUM WAY, OAKLAND, CA 94621"
B1-033,6990 HAIGH DRIVE,ORLAND,CA,95963,,,2025-08-11,batch1_unlabelled,"6990 HAIGH DRIVE, ORLAND, CA 95963"
B1-038,2496 W. WALNUT AVENUE,RIALTO,CA,92376,,,2020-05-18,batch1_unlabelled,"2496 W. WALNUT AVENUE, RIALTO, CA 92376"
B1-039,6045 GIANT HWY,RICHMOND,CA,94806,,,2025-02-28,batch1_unlabelled,"6045 GIANT HWY, RICHMOND, CA 94806"
B1-040,4187 TEMPLE CITY BOULEVARD,ROSEMEAD,CA,91770,,,2024-05-30,batch1_unlabelled,"4187 TEMPLE CITY BOULEVARD, ROSEMEAD, CA 91770"
B1-041,7601 FOOTHILLS BLVD,ROSEVILLE,CA,95747,,,2022-01-18,batch1_unlabelled,"7601 FOOTHILLS BLVD, ROSEVILLE, CA 95747"
B1-042,2400 MCCLELLAN PARK DRIVE,SACRAMENTO,CA,95838,,,2022-05-18,batch1_unlabelled,"2400 MCCLELLAN PARK DRIVE, SACRAMENTO, CA 95838"
B1-043,7601 METRO AIR PARKWAY,SACRAMENTO,CA,95835,,,2026-06-16,batch1_unlabelled,"7601 METRO AIR PARKWAY, SACRAMENTO, CA 95835"
B1-046,5990 NORTH CAJON BLVD,SAN BERNARDINO,CA,92408,,,2022-05-18,batch1_unlabelled,"5990 NORTH CAJON BLVD, SAN BERNARDINO, CA 92408"
B1-047,6971 OTAY MESA RD.,SAN DIEGO,CA,92154,,,2026-08-17,batch1_unlabelled,"6971 OTAY MESA RD., SAN DIEGO, CA 92154"
B1-052,6001 S AUSTIN RD.,STOCKTON,CA,95215,,,2022-02-07,batch1_unlabelled,"6001 S AUSTIN RD., STOCKTON, CA 95215"
B1-053,6201 NEWCASTLE RD,STOCKTON,CA,95215,,,2025-07-01,batch1_unlabelled,"6201 NEWCASTLE RD, STOCKTON, CA 95215"
B1-054,1500 EAST GRANT LINE ROAD,TRACY,CA,95304,,,2025-03-17,batch1_unlabelled,"1500 EAST GRANT LINE ROAD, TRACY, CA 95304"
B1-060,4800 MIDWAY ROAD,VACAVILLE,CA,95688,,,2025-08-04,batch1_unlabelled,"4800 MIDWAY ROAD, VACAVILLE, CA 95688"
B1-061,920 EUBANKS DRIVE,VACAVILLE,CA,95688,,,2026-02-27,batch1_unlabelled,"920 EUBANKS DRIVE, VACAVILLE, CA 95688"
B1-062,28820 CHASE PLACE,VALENCIA,CA,91355,,,2022-07-25,batch1_unlabelled,"28820 CHASE PLACE, VALENCIA, CA 91355"
B1-070,7704 MILTON E PROBY PKWY,COLORADO SPRINGS,CO,80926,,,2019-04-08,batch1_unlabelled,"7704 MILTON E PROBY PKWY, COLORADO SPRINGS, CO 80926"
