facility_id,open_year,open_quarter,status,source_url,source_type,confidence,evidence
AMZ-DLN4,2020,3,open,https://www.chicago.gov/city/en/depts/mayor/press_room/press_releases/2020/october/Invest-South-West-Delivery-Station-Pullman.ht,press_release,high,"Pullman, 10500 Woodlawn, ZIP 60628. Opening reported 1-Sep-2020; the chicago.gov launch event is Oct-2020, which lags the opening. Q3 taken."
AMZ-DIL7,2019,4,open,https://istp.tech/wp-content/uploads/2020/01/Winter-2020-Skokie-Biz.pdf,press_release,high,"Village of Skokie Winter-2020 newsletter: 'in October, opened a 245,000 sq ft Prime delivery distribution center at 3601 Howard Street'. Consistent with the Aug-2019 Plan Commission parking determination (case 2019-21P, DIL7 Howard) - a late-stage approval."
AMZ-DBK4,2023,,open,https://queensledger.com/2023/12/12/amazon-workers-protest-at-maspeth-dbk4-facility/,other,high,"BY 2023, NOT before 2020. Queens Ledger Dec-2023 names 'DBK4 at 55-15 Grand Ave in Maspeth'. With the Jun-2020 demolition lease, interval 2020-2023."
AMZ-DDV3,2021,,open,https://rebusinessonline.com/realterm-logistics-acquires-e-commerce-distribution-facility-in-north-denver-for-94-8m/,other,high,"BY 2021, NOT before 2020. 'Built in fourth-quarter 2021, Amazon occupies the 200,864 sq ft facility at 400 W. 160th Ave. in Broomfield.' Built Q4-2021 and occupied. SUPERSEDES the weak BizWest 2020 Q1 row."
AMZ-DCH1,2015,,closed,https://www.osha.gov/ords/imis/establishment.html,permit,high,"FEDERAL OSHA, two inspections at 2801 S Western Ave Chicago: 1206314.015 opened 27-Jan-2017 (Amazon.Com.Dedc Llc, ZIP 60608) and 1236757.015 opened 05-Jun-2017 (Amazon Logistics, ZIP 60609 - OSHA recorded the ZIP inconsistently, same building). Proves operating BY Jan-2017, consistent with the reported 2015 opening. 'Amazon Logistics' is the last-mile arm, which CONFIRMS this is a delivery station, not the FC/SC claimed earlier. CLOSE_YEAR=2021 per NLRB 13-CA-256021/259095 + Labor Notes."
AMZ-DIL3,2020,,open,https://www.theguardian.com/us-news/2021/dec/09/when-amazon-expands-these-communities-pay-the-price,news,high,"Guardian/Consumer Reports Dec-2021: 'Last year [2020], Amazon opened a 316,550 sq ft warehouse in the city's majority Hispanic Gage Park neighborhood'; Gage Park is ZIP 60632. Code disputed (DIL3/DIL2), location is not."
AMZ-DXH5,2022,,open,https://www.buildzoom.com/contractor/elder-jones-il,other,medium,"BY 2022, NOT before 2019. BuildZoom permits for 3523 S Ashland Ave: 2019 interior demolition, 2022-11-15 Amazon signage. Interval 2019-2022."
AMZ-DIL5,2020,3,open,https://www.cbsnews.com/chicago/news/working-for-chicago-amazon-hiring-hundreds-of-workers-for-chicago-area-delivery-centers/,news,high,CBS Chicago 28-Sep-2020: 'Amazon delivery stations recently opened in Downers Grove and West Chicago'.
AMZ-DDV4,2022,,open,https://www.indeed.com/cmp/Delivered-On/reviews,other,low,"BY 2022. Indeed review Oct-2022, driver at Liberty Blvd Englewood. Englewood not Centennial; adjacent, unconfirmed."
AMZ-DDE9,2021,,open,https://www.indeed.com/cmp/Tasty-Trails-Logistics-LLC/reviews?ftext=Owners,other,low,"BY 2021. Indeed review Aug-2021, dispatcher at 875 W 64th Ave Denver. DSP OFFICE ADDRESS, not direct proof of the station."
AMZ-DDV2,2020,,open,https://brokersnapshot.com/Company/mypg-logistics-corp,other,low,"BY 2020. Carrier registration 29-Jun-2020, 'Amazon Packages', 900 E 128th Ave Thornton 80241. Carrier record, not the station itself."
AMZ-DDV5,2020,,open,https://warehouse.ninja/lists/delivery/amazon-dsps/rgk-logistics-llc/,other,low,"BY 2020. DSP RGK Logistics began 17-Sep-2020, office 2889 Himalaya Rd Aurora 80011. DSP office address, inference."
AMZ-DFA9,,,open,,,,No dated source found for the Dublin CA 94568 site. Dublin city council agenda packets surfaced but none identifiably about an Amazon delivery station. Bay Area delivery stations received almost no dated press coverage.
AMZ-DXC5,2022,,open,https://www.chamberofcommerce.com/business-directory/california/fremont/warehouse/2015331709-amazon-hub,other,low,BY 2022. Chamber directory listing dated Nov-2022 for 44109 Pacific Commons Blvd. Directory dates are unreliable.
AMZ-DFO3,2019,,announced,https://patch.com/california/livermore/amazon-opening-612-000-square-foot-delivery-station-livermore,news,medium,"Patch: 'Amazon Opening 611,000-Square-Foot Delivery Station In Livermore', 2019. Named as a delivery station. LOWER BOUND."
AMZ-DSF7,,,open,,,,"No dated source found for Milpitas CA 95035. The dated Milpitas Planning Commission item that surfaced concerns a 487,000 sq ft Amazon project at 1000 Gibraltar Drive, which is ~2 km south of DSF7's coordinates and far larger than a delivery station, so it was NOT used."
AMZ-DUR3,2020,,open,https://warehouse.ninja/lists/delivery/amazon-dsps/south-bay-cargo-llc/,other,low,"BY 2020. DSP South Bay Cargo founded 2020, office 225 N McCarthy Blvd Milpitas. DSP office address, inference."
AMZ-DSJ7,,,open,,,,"No dated source found for San Jose CA 95133. Tried code, city, Mercury News and San Jose city council framings; all returned Gilroy data centres, HQ2-era stories, or undated listings."
AMZ-DXC8,2023,,open,https://www.indeed.com/cmp/Eloka-Logistics,other,low,"BY 2023. Indeed review Jul-2023, driver at 1710 Little Orchard Ave. DSP review, inference."
AMZ-DSF3,2021,,open,https://www.jobzmall.com/amazon-1/job/delivery-driver-75,other,low,"BY 2021. Driver posting Apr-2021 for 1700 Montague Expy. Quote says Milpitas 95035, our row says San Jose 95131 - the road straddles the line."
AMZ-DCX5,2020,,open,https://www.dir.ca.gov/databases/dosh-pv/DOSH-PV.ASP,other,medium,"BY 2020. Cal/OSHA permit database: AMAZON DCXS, 970 McLaughlin Ave San Jose 95122, 19-Jun-2020. State record. Type flagged as possible FC."
AMZ-DWS5,,,open,,,,"No dated source found for Everett WA 98204. IMPORTANT TRAP AVOIDED: a search hit 'Amazon Warehouse Slated To Be Closed' (everettindependent.com, 2022-08-24) refers to Everett, MASSACHUSETTS, not Everett, Washington, and was discarded. Do not let it into the dataset as a closure."
AMZ-DWA7,,,open,,,,"No dated source found. Amazon's own job postings label DWA7 as Puyallup, WA, consistent with the row's Frederickson/98375 unincorporated Pierce County location, but no dated permit or article surfaced."
AMZ-DWA6,2015,,open,https://www.sierraind.com/news/amazons-new-kent-fulfillment-center-to-bring-same-day-delivery-to-seattle,news,medium,"TYPE CORRECTION: contractor says Kent is a FULFILLMENT CENTRE completed 2015, not a delivery station. Does not set the target."
AMZ-DSW5,,,open,,,,"No dated source found for Lakewood WA 98439. CoStar ('Amazon Takes Another Puget Sound Warehouse This Time In Lakewood') and South Sound Business ('Amazon Leasing 470K-Square-Foot Building in Lakewood') both exist but carry no date in URL or title, and 470K sq ft is FC-scale rather than delivery-station-scale, so neither was used."
AMZ-DWA5,,,open,,,,"No dated source found for Maple Valley WA 98038. Only job listings surfaced; no permit, council item or news article."
AMZ-DWA9,,,open,,,,"No dated source found for Sumner WA 98390. Sierra Construction pages for a 'Sumner West Distribution Center' surfaced but are undated and not tied to DWA9; Amazon's 2011 Sumner press release concerns the BFI7 fulfillment center, a different facility."
AMZ-DTU3,,,open,,,,"Phoenix metro (out of fitting metros). Confirmed address 2550 N Nevada St, Chandler AZ 85225, but no dated source attributable to this facility."
AMZ-DPX7,,,open,,,,Phoenix metro. No dated source found for Chandler AZ 85286. Only Amazon DSP job listings referencing DPX7 surfaced.
AMZ-DPX6,,,open,,,,"Phoenix metro. Confirmed address 14000 W Yuma Rd / W Grant St, Goodyear AZ 85338, but City of Goodyear news items that surfaced concern Amazon's robotics fulfillment center and a later 'additional facility', neither of which could be tied to DPX6."
AMZ-DTU9,2021,,open,https://www.aztechcouncil.org/amazon-opens-one-of-its-biggest-us-facilities-in-east-valley/,news,high,"'In 2021, Amazon opened a 140,000-square-foot last mile delivery hub in northeast Mesa.' Mesa AZ 85215 = northeast Mesa. A real opening."
AMZ-DTU8,,,open,,,,Phoenix metro. No dated source found for Phoenix AZ 85040.
AMZ-DAZ2,,,open,,,,Phoenix metro. No dated source found for Phoenix AZ 85034.
AMZ-DTU6,,,open,,,,Phoenix metro. No dated source found for Phoenix AZ 85027.
AMZ-DPX4,,,open,,,,"Phoenix metro. No dated source found for Tempe AZ 85281. NOTE for the whole Phoenix set: Amazon issued an official press release dated August 2020 (press.aboutamazon.com/2020/8/amazon-to-add-thousands-of-jobs-to-phoenix-metro-area) announcing multiple new Phoenix-metro delivery stations, corroborated by areadevelopment.com dated 8-20-2020. It is almost certainly the announcement for several of these eight facilities, but the URL and title do not name which cities or codes, so no date was assigned to any individual row."
