n,address,city,state,zip,operating_by,facility_type
1,4616-6 HOWARD LANE,AUSTIN,TX,78728,2019-03-15,DS
2,2575 KYLE CROSSING,KYLE,TX,78640,2025-05-19,SC
3,1401 EAST MCCARTY LANE,SAN MARCOS,TX,78666,2022-02-24,FC
4,1411 3RD AVE NORTH,NAMPA,ID,83687,2019-02-22,DS
5,5319 E FRANKLIN RD,NAMPA,ID,83687,2021-04-27,FC
6,5295 E FRANKLIN RD,NAMPA,ID,83687,2022-08-01,FC
7,1125 REMINGTON BOULEVARD,BOLINGBROOK,IL,60440,2017-08-24,FC
8,9850 MISSISSIPPI ST.,CROWN POINT,IN,46307,2026-03-11,
9,4300 SOUTH BRANDON ROAD,ELWOOD,IL,60421,2023-07-10,FC
10,11500 FREEMAN ROAD,HUNTLEY,IL,60142,2024-10-24,FC
11,4500 WESTERN AVE.,LISLE,IL,60532,2018-09-06,DS
12,7001 VOLLMER ROAD,MATTESON,IL,60443,2026-07-27,FC
13,6605 WEST MONEE-MANHATTAN ROAD,MONEE,IL,60449,2018-07-05,SC
14,25810 SOUTH RIDGELAND AVENUE,MONEE,IL,60449,2022-07-12,FC
15,1750 BRIDGE DRIVE,WAUKEGAN,IL,60085,2018-03-14,FC
16,22205 E. 19TH AVE.,AURORA,CO,80019,2019-06-10,FC
17,19799 E. 36TH DR.,AURORA,CO,80011,2022-08-01,SC
18,21000 EAST 13TH AVENUE,AURORA,CO,80018,2023-01-27,FC
19,6150 DOWNING ST BUILDING 5,DENVER,CO,80216,2019-12-20,DS
20,14601 GRANT STREET,THORNTON,CO,80023,2021-10-07,FC
21,700 BANYAN TRAIL,BOCA RATON,FL,33431,2021-04-19,DS
22,14490 CORPORATE ROAD NORTH,JUPITER,FL,33478,2025-04-25,FC
23,1900 NORTHWEST 132ND PLACE,MIAMI,FL,33178,2022-12-07,DS
24,500 DUKE DR,LEBANON,TN,37090,2015-10-20,FC
25,6060 GOLDEN BEAR GATEWAY,MT JULIET,TN,37122,2024-05-10,FC
26,2020 JOE B JACKSON PKWY,MURFREESBORO,TN,37127,2020-07-10,FC
27,2020 JOE B. JACKSON,MURFREESBORO,TN,37130,2021-10-20,FC
28,2813 BRICK CHURCH PIKE,NASHVILLE,TN,37207,2021-05-06,FC
29,39 BAYVIEW COURT,BAYONNE,NJ,07002,2022-08-04,DS
30,201 W. GRUMMAN ROAD,BETHPAGE,NY,11714,2021-10-13,
31,343 HALF ACRE ROAD,CRANBURY,NJ,08512,2021-04-08,FC
32,630 SULLIVAN ROAD,ELIZABETH,NJ,07201,2017-03-16,DS
33,1 BULOVA AVENUE,FLUSHING,NY,11377,2023-08-09,DS
34,50 CENTRAL AVENUE,KEARNY,NJ,07032,2023-07-13,DS
35,6 FARRINGTON BOULEVARD,MONROE TOWNSHIP,NJ,08831,2022-08-05,FC
36,429 DELANCY STREET,NEWARK,NJ,07105,2025-03-09,DS
37,16920 W COMMERCE DR,GOODYEAR,AZ,85338,2009-07-21,FC
38,17341 WEST MINNEZONA AVENUE,GOODYEAR,AZ,85395,2024-09-18,
39,6395 N SARIVAL AVE,LITCHFIELD PARK,AZ,85340,2023-10-05,SC
40,4750 W MOHAVE ST,PHOENIX,AZ,85037,2015-07-28,FC
41,5050 W MOHAVE ST,PHOENIX,AZ,85043,2016-06-21,FC
42,800 S 75TH AVE,PHOENIX,AZ,85043,2017-06-02,
43,3745 BAYSHORE BOULEVARD,BRISBANE,CA,94005,2026-01-09,OTHER
44,44109 PACIFIC COMMONS BLVD.,FREMONT,CA,94538,2022-05-19,DS
45,26464 CORPORATE AVE.,HAYWARD,CA,94545,2023-10-03,OTHER
46,5800 COLISEUM WAY,OAKLAND,CA,94621,2023-06-06,DS
47,6045 GIANT HWY,RICHMOND,CA,94806,2025-02-28,DS
48,990 BEECHER ST.,SAN LEANDRO,CA,94577,2020-09-14,FRESH
49,4620 172ND ST NE,ARLINGTON,WA,98223,2024-01-23,FC
50,1227 124TH AVENUE NE,BELLEVUE,WA,98005,2009-12-02,FC
51,3230 INTERNATIONAL PL,DUPONT,WA,98327,2022-03-21,FC
52,607 RIVERSIDE ROAD,EVERETT,WA,98201,2021-11-10,SC
53,6617 ASSOCIATED BLVD,EVERETT,WA,98203,2021-11-22,DS
54,315 SHUKSAN WAY DWS4,EVERETT,WA,98203,2021-12-20,DS
55,315 SHUKSAN WAY,EVERETT,WA,98203,2023-07-05,DS
56,7449 45TH ST CT E,FIFE,WA,98424,2023-07-06,SC
57,20526 59TH PLACE SOUTH BF15,KENT,WA,98032,2016-01-29,SC
58,2056 59TH PL S,KENT,WA,98032,2016-01-29,SC
59,21005 64TH AVENUE S,KENT,WA,98032,2016-07-29,SC
60,21005 64TH AVENUE,KENT,WA,98032,2017-09-20,SC
61,20202 84TH AVE S,KENT,WA,98032,2020-10-16,DS
62,21005 64TH AVENUE S ATTN JESSICA ANG,KENT,WA,98032,2021-09-14,SC
63,22001 84TH AVE S,KENT,WA,98032,2023-12-19,DS
64,20526 59TH PLACE,KENT,WA,98032,2024-01-11,SC
65,11710 118TH AVENUE,KIRKLAND,WA,98034,2025-07-29,OTHER
66,14802 SPRING ST SW,LAKEWOOD,WA,98439,2023-06-29,DS
67,23226 WITTE RD SE,MAPLE VALLEY,WA,98038,2022-07-05,DS
68,5509 MILITARY RD.,PUYALLUP,WA,98375,2023-10-27,DS
69,"5509 MILITARY RD E,",PUYALLUP,WA,98375,2024-12-05,DS
70,1101 SW 16TH ST,RENTON,WA,98057,2020-11-02,DS
71,1905 RAYMOND AVE SW,RENTON,WA,98057,2024-06-27,
72,549 S DAWSON,SEATTLE,WA,98108,2000-02-28,
73,2201 WESTLAKE AVE,SEATTLE,WA,98121,2012-12-27,OTHER
74,76 S LANDER STREET,SEATTLE,WA,98134,2016-12-21,FRESH
75,325 EASTLAKE AVE E FLOOR B,SEATTLE,WA,98109,2023-08-09,OTHER
76,3138 200TH ST E,SPANAWAY,WA,98387,2025-09-23,FC
77,1800 140TH AVE EAST,SUMNER,WA,98390,2011-10-04,FC
78,1901 140TH AVE E BFI7,SUMNER,WA,98390,2018-11-13,FC
79,2201 140TH AVE E,SUMNER,WA,98390,2021-06-30,DS
80,3711 142ND AVE E,SUMNER,WA,98390,2022-02-01,DS
81,1901 140TH AVENUE E,SUMNER,WA,98390,2026-04-03,FC
82,2871 S 102ND ST,TUKWILA,WA,98168,2023-06-22,DS
