batch,item,site_address,site_city,site_state,site_zip,operating_by,n_inspections,estab_name,facility_type,label,evidence,source_url
6,1,2000 ENTERPRISE PARKWAY,HAMPTON,VA,23666,2024-09-18,1,AMAZON.COM SERVICE LLC,DS,DELIVERY STATION,"Amazon.com Inc. plans to open a 111,600-square-foot delivery station at 2000 Enterprise Parkway in Hampton",https://www.virginiabusiness.com/article/amazon-to-open-hampton-delivery-station/
6,2,AMAZON XR13 4949 COMMERCE RD,RICHMOND,VA,23234,2026-05-27,1,AMAZON.COM SERVICES LLC,OTHER,OTHER,"CROSS-DOCK. An Amazon spokesperson confirmed the lease and said the 216,000-square-foot warehouse at 4949 Commerce Road will be used as a cross-dock facility.",https://richmondbizsense.com/2021/04/14/amazon-leases-deepwater-warehouse-in-south-richmond/
6,3,2002 BLUE HILLS DRIVE NE,ROANOKE,VA,24012,2025-02-25,1,AMAZON.COM LLC (WRK1),DS,DELIVERY STATION,"The approximately 125,000 square-foot delivery station at 2002 Blue Hills Drive NE in Roanoke will create more than 100 full- and part-time jobs",https://www.wsls.com/news/local/2021/04/28/amazon-confirms-new-delivery-station-in-roanoke-bringing-hundreds-of-jobs/
6,4,2022 ASHLAND ROAD,ROCKVILLE,VA,23146,2026-08-25,1,AMAZON ROBOTICS,,UNKNOWN,,none
6,5,42948 FRADELEY LN,STERLING,VA,20166,2021-03-04,1,"AMAZON DATA SERVICES INC, IAD68",OTHER,OTHER,DATA CENTER. Amazon Data Services Inc. operates data center facilities on Fradeley Lane in Sterling,https://baxtel.com/data-center/amazon-web-services-fradeley-lane
6,6,2020 NORTHGATE COMMERCE PARKWAY,SUFFOLK,VA,23435,2022-10-04,6,AMAZON.COM SERVICES LLC,FC,FULFILLMENT CENTER,The 3.8-million-square-foot multi-story robotics fulfillment center at 2020 Northgate Commerce Parkway in Suffolk officially launched operations,https://www.virginiabusiness.com/article/amazon-launches-massive-suffolk-facility/
6,7,1833 TWIN MILLS RD.,VIRGINIA BEACH,VA,23456,2026-04-30,2,"AMAZON.COM SERVICES, LLC",DS,DELIVERY STATION,"Amazon plans to build a 219,000-square-foot delivery station at 1833 Twin Mills Road in Virginia Beach",https://www.wavy.com/news/local-news/virginia-beach/amazon-announces-two-new-facilities-in-virginia-beach/
6,8,2712 WEST MAIN STREET,WAYNESBORO,VA,22980,2026-03-02,1,"AMAZON.COM SERVICES, LLC",DS,DELIVERY STATION,Amazon confirmed Wednesday that it is opening a new delivery station in Waynesboro at 2712 W. Main St.,https://www.nbc29.com/2021/04/28/amazon-open-new-delivery-station-waynesboro/
6,9,W6331 WALLY WAY,GREENVILLE,WI,54942,2024-07-10,1,AMAZON.COM SERVICES LLC.,DS,DELIVERY STATION,"Amazon has opened its 112,000-square-foot delivery station at W6331 Wally Way in Greenville",https://www.postcrescent.com/story/money/companies/2021/10/14/amazon-opens-delivery-station-village-greenville/8447844002/
6,10,3501 120TH AVENUE,KENOSHA,WI,53140,2015-10-01,3,"AMAZON.COM.DEDC, LLC",FC,FULFILLMENT CENTER,Amazon opened its 1.5 million-square-foot fulfillment center at 3501 120th Avenue in Kenosha in 2015.,https://www.jsonline.com/story/money/business/2015/06/04/inside-amazons-massive-kenosha-fulfillment-center/85054366/
6,11,673 10TH STREET,HUNTINGTON,WV,25701,2005-01-04,1,"AMAZON.COM, WVCS",OTHER,OTHER,"OFFICE, CLOSED 2023. Amazon is closing its customer service center at 673 10th St. in Huntington, leaving hundreds without a job.",https://www.wsaz.com/2023/01/19/amazon-closing-huntington-customer-service-center/
6,12,2650 EAST 2ND STREET,GILLETTE,WY,82718,2026-01-14,1,AMAZON INC.,,UNKNOWN,,none
