facility_id,address,city,state,zip,osha_operating_by,found_date,date_type,source_url,source_name,confidence,notes
NEW-01,17341 WEST MINNEZONA AVENUE,GOODYEAR,AZ,85395,2024-09-18,,,,,
NEW-02,800 S 75TH AVE,PHOENIX,AZ,85043,2017-06-02,,,,,
NEW-03,6990 HAIGH DRIVE,ORLAND,CA,95963,2025-08-11,,,,,
NEW-04,4800 MIDWAY ROAD,VACAVILLE,CA,95688,2025-08-04,,,,,
NEW-05,920 EUBANKS DRIVE,VACAVILLE,CA,95688,2026-02-27,,,,,
NEW-06,48 BOSTON POST ROAD,ORANGE,CT,06477,2023-11-21,,,,,
NEW-07,137 LATHROP ROAD,PLAINFIELD,CT,06374,2026-09-02,,,,,
NEW-08,10 STATE ST,NASHUA,NH,03061,2020-01-09,,,,,
NEW-09,201 W. GRUMMAN ROAD,BETHPAGE,NY,11714,2021-10-13,,,,,
NEW-10,2000 ENTERPRISE PARKWAY,HAMPTON,VA,23666,2024-09-18,,,,,
NEW-11,1833 TWIN MILLS RD.,VIRGINIA BEACH,VA,23456,2026-04-30,,,,,
NEW-12,501 N KEYS RD,YAKIMA,WA,98901,2026-09-02,,,,,
NEW-13,W6331 WALLY WAY,GREENVILLE,WI,54942,2024-07-10,,,,,
