batch,item,site_address,site_city,site_state,site_zip,operating_by,n_inspections,estab_name
1,1,16920 W COMMERCE DR,GOODYEAR,AZ,85338,2009-07-21,3,"AMAZON.COM.AZDC, INC."
1,2,17341 WEST MINNEZONA AVENUE,GOODYEAR,AZ,85395,2024-09-18,1,CPX2024XEG419X0083 - AMAZON.COM SERVICES LLC
1,3,6395 N SARIVAL AVE,LITCHFIELD PARK,AZ,85340,2023-10-05,1,CPX2024XAD245X0001 - AMAZON.COM SERVICES LLC - AZA9
1,4,4750 W MOHAVE ST,PHOENIX,AZ,85037,2015-07-28,1,AMAZON.COM.AZDC LLC
1,5,5050 W MOHAVE ST,PHOENIX,AZ,85043,2016-06-21,1,AMAZON.COM.AZDC LLC
1,6,800 S 75TH AVE,PHOENIX,AZ,85043,2017-06-02,1,AMAZON.COM.AZDC LLC
1,7,6701 S KOLB RD,TUCSON,AZ,85756,2019-12-30,1,"AMAZON.COM SERVICES, INC."
1,8,300 BOONE DRIVE.,AMERICAN CANYON,CA,94503,2023-04-28,3,AMAZON.COM SERVICES LLC
1,9,1601 PETROL ROAD,BAKERSFIELD,CA,93308,2022-08-15,2,AMAZON
1,10,1010 WEST 4TH STREET,BEAUMONT,CA,92223,2023-07-06,1,AMAZON INC. PSP1
1,11,3388 SOUTH CACTUS AVENUE,BLOOMINGTON,CA,92316,2023-05-02,1,AMAZON IXD - SBD1
1,12,3745 BAYSHORE BOULEVARD,BRISBANE,CA,94005,2026-01-09,1,AMAZON.COM SERVICES LLC
1,13,3001 MISSION OAKS BOULEVARD,CAMARILLO,CA,93012,2025-11-21,1,AMAZON.COM SERVICES LLC (DOT4)
1,14,20730 PRAIRIE STREET,CHATSWORTH,CA,91311,2022-08-08,1,AMAZON.COM SERVICES LLC
1,15,9031 LURLINE AVE.,CHATSWORTH,CA,91311,2020-11-04,1,"AMAZON.COM SERVICES, INC."
1,16,15930 VALLEY BOULEVARD,CITY OF INDUSTRY,CA,91744,2022-06-14,1,AMAZON DAX5
1,17,"5750 MESMER AVE., STE #D",CULVER CITY,CA,90230,2023-03-15,1,AMAZON DLX9
1,18,64615 19TH AVENUE,DESERT HOT SPRINGS,CA,92240,2026-08-14,1,AMAZON WAREHOUSE PSP3
1,19,4950 GOODMAN ROAD,EASTVALE,CA,91752,2019-01-02,2,"GOLDEN STATE FC, LLC (LGB3 AMAZON)"
1,20,4950 GOODMAN WAY,EASTVALE,CA,91752,2023-09-12,1,AMAZON.COM SERVICES LLC
1,21,44109 PACIFIC COMMONS BLVD.,FREMONT,CA,94538,2022-05-19,1,AMAZON.COM SERVICES LLC
1,22,2325 S. CEDAR AVE,FRESNO,CA,93725,2022-05-19,1,AMAZON.COM SERVICES LLC
1,23,26464 CORPORATE AVE.,HAYWARD,CA,94545,2023-10-03,1,AMAZON DATA SERVICES INC
1,24,2815 W. EL SEGUNDO BLVD.,HOLLYGLEN,CA,90250,2017-12-29,2,AMAZON
1,25,17871 VON KARMAN AVE.,IRVINE,CA,92614,2023-01-19,1,AMAZON.COM SERVICES LLC
1,26,3565 NORTH AIRPORT WAY,MANTECA,CA,95336,2025-04-28,1,AMAZON.COM SERVICES LLC
1,27,25725 JERONIMO ROAD,MISSION VIEJO,CA,92691,2021-09-23,2,AMAZON.COM SERVICES LLC
1,28,3731 FINCH ROAD,MODESTO,CA,95357,2020-05-21,1,AMAZON.COM SERVICES INC.
1,29,24300 MANDINA AVE,MORENO VALLEY,CA,92553,2021-07-12,1,AMAZON.COM SERVICES LLC
1,30,24300 NANDINA AVENUE,MORENO VALLEY,CA,92551,2021-09-29,1,AMAZON - ONT 8
1,31,5800 COLISEUM WAY,OAKLAND,CA,94621,2023-06-06,1,AMAZON.COM SERVICES LLC
1,32,4815 S. HELLMAN AVE,ONTARIO,CA,91762,2024-10-09,1,AMAZON VUPC
1,33,6990 HAIGH DRIVE,ORLAND,CA,95963,2025-08-11,1,"AMAZON.COMSALES,INC"
1,34,225 PARK CENTER DR,PATTERSON,CA,95363,2014-07-16,1,AMAZON
1,35,4120 INDIAN AVE.,PERRIS,CA,92571,2020-05-21,1,AMAZON.COM SERVICES LLC
1,36,4375 N. PERRIS BLVD.,PERRIS,CA,92571,2022-09-27,1,AMAZON.COM SERVICES LLC
1,37,2125 W. SAN BERNARDINO,REDLANDS,CA,92374,2021-07-27,3,AMAZON
1,38,2496 W. WALNUT AVENUE,RIALTO,CA,92376,2020-05-18,2,"AMAZON.COM SERVICES, LLC"
1,39,6045 GIANT HWY,RICHMOND,CA,94806,2025-02-28,1,"AMAZON.COM, LLC"
1,40,4187 TEMPLE CITY BOULEVARD,ROSEMEAD,CA,91770,2024-05-30,1,AMAZON
1,41,7601 FOOTHILLS BLVD,ROSEVILLE,CA,95747,2022-01-18,1,AMAZON.COM SERVICES LLC
1,42,2400 MCCLELLAN PARK DRIVE,SACRAMENTO,CA,95838,2022-05-18,1,AMAZON.COM SERVICES LLC
1,43,7601 METRO AIR PARKWAY,SACRAMENTO,CA,95835,2026-06-16,1,AMAZON SERVICES INC.
1,44,1494 S WATERMAN AVE,SAN BERNARDINO,CA,92408,2026-06-15,1,AMAZON SBD2
1,45,555 ORANGE SHOW RD.,SAN BERNARDINO,CA,92401,2024-02-22,2,AMAZON.COM SERVICES LLC
1,46,5990 NORTH CAJON BLVD,SAN BERNARDINO,CA,92408,2022-05-18,3,AMAZON.COM SERVICES LLC
1,47,6971 OTAY MESA RD.,SAN DIEGO,CA,92154,2026-08-17,1,AMAZON.COM SERVICES LLC
1,48,990 BEECHER ST.,SAN LEANDRO,CA,94577,2020-09-14,1,AMAZON.COM SERVICES LLC
1,49,4300 EXPRESS AVE,SHAFTER,CA,93263,2025-11-04,1,AMAZON
1,50,4500 EXPRESS AVE.,SHAFTER,CA,93263,2026-06-11,1,AMAZON.COM SERVICES LLC
1,51,4532 NEWCASTLE RD,STOCKTON,CA,95215,2023-02-23,2,"AMAZON.COM SERVICES, LLC"
1,52,6001 S AUSTIN RD.,STOCKTON,CA,95215,2022-02-07,4,"AMAZON.COM SERVICES, LLC"
1,53,6201 NEWCASTLE RD,STOCKTON,CA,95215,2025-07-01,2,AMAZON.COM SERVICES LLC
1,54,1500 EAST GRANT LINE ROAD,TRACY,CA,95304,2025-03-17,3,AMAZON.COM SERVICES LLC
1,55,1555 CHRISMAN RD,TRACY,CA,95376,2014-03-21,1,GOLDEN STATE FC LLC DBA AMAZON.COM
1,56,188 S. INTERNATIONAL PARKWAY,TRACY,CA,95377,2023-03-15,1,AMAZON.COM SERVICES LLC
1,57,6250 PROMONTORY PKWY.,TRACY,CA,95377,2026-01-15,1,AMAZON.COM SERVICES LLC
1,58,3200 FULKERTH ROAD,TURLOCK,CA,95380,2025-06-17,1,AMAZON.COM SERVICES LLC
1,59,300 CROCKER DRIVE,VACAVILLE,CA,95688,2019-08-20,3,"AMAZON.COM SERVICES, LLC"
1,60,4800 MIDWAY ROAD,VACAVILLE,CA,95688,2025-08-04,1,AMAZON.COM SERVICES LLC
1,61,920 EUBANKS DRIVE,VACAVILLE,CA,95688,2026-02-27,1,AMAZON.COM SERVICES LLC
1,62,28820 CHASE PLACE,VALENCIA,CA,91355,2022-07-25,1,AMAZON.COM SERVICES LLC
1,63,3315 N. KELSEY ST.,VISALIA,CA,93291,2022-06-14,3,AMAZON.COM SERVICES LLC (FAT2)
1,64,8817 W. KIBLER AVE,VISALIA,CA,93291,2023-01-19,1,HLA6 AMAZON
1,65,3620 RAMOS DRIVE,WEST SACRAMENTO,CA,95691,2026-02-24,1,AMAZON.COM SERVICES LLC
1,66,19799 E. 36TH DR.,AURORA,CO,80011,2022-08-01,2,AMAZON.COM SERVICES LLC
1,67,21000 EAST 13TH AVENUE,AURORA,CO,80018,2023-01-27,1,AMAZON.COM SERVICES LLC
1,68,22205 E. 19TH AVE.,AURORA,CO,80019,2019-06-10,4,"AMAZON.COM SERVICES, INC."
1,69,4303 GRINNELL BOULEVARD,COLORADO SPRINGS,CO,80925,2022-08-16,1,AMAZON.COM SERVICES LLC
1,70,7704 MILTON E PROBY PKWY,COLORADO SPRINGS,CO,80926,2019-04-08,1,"AMAZON.COM SERVICES, INC"
2,1,6150 DOWNING ST BUILDING 5,DENVER,CO,80216,2019-12-20,1,"AMAZON.COM SERVICES, LLC"
2,2,14601 GRANT STREET,THORNTON,CO,80023,2021-10-07,2,AMAZON.COM SERVICES LLC
2,3,700 BANYAN TRAIL,BOCA RATON,FL,33431,2021-04-19,1,AMAZON DM06 FACILITY - BOCA RATON
2,4,2318 WAVERLY BARN ROAD,DAVENPORT,FL,33897,2023-05-25,1,AMAZON.COM SERVICES LLC
2,5,2600 N NORMANDY BLVD.,DELTONA,FL,32725,2022-07-18,2,AMAZON.COM SERVICES LLC
2,6,11084 CABOT COMMERCE CIRCLE,JACKSONVILLE,FL,32226,2023-12-19,1,AMAZON FLEX DJX1
2,7,13333 103RD ST.,JACKSONVILLE,FL,32221,2018-05-08,2,"AMAZON.COM.DEDA, LLC"
2,8,14490 CORPORATE ROAD NORTH,JUPITER,FL,33478,2025-04-25,1,AMAZON PB12
2,9,17030 MENTMORE BOULEVARD,LAND O LAKES,FL,34638,2022-04-04,1,AMAZON DTP3
2,10,1900 NORTHWEST 132ND PLACE,MIAMI,FL,33178,2022-12-07,2,AMAZON.COM SERVICES LLC
2,11,7469 KINGSPOINTE PARKWAY,ORLANDO,FL,32819,2024-01-31,2,AMAZON.COM SERVICES LLC
2,12,7470 KINGSPOINTE PARKWAY,ORLANDO,FL,32819,2024-01-31,1,AMAZON.COM SERVICES LLC
2,13,8825 BOGGY CREEK RD,ORLANDO,FL,32824,2023-11-29,1,AMAZON MCO3   ORLANDO FL
2,14,2906 CORPORATE WAY,PALMETTO,FL,34221,2017-11-07,1,AMAZON DSR 1
2,15,1760 COUNTY LINE ROAD,PLANT CITY,FL,33566,2015-03-31,1,"AMAZON.COM, INC."
2,16,13450 ANTHONY F SANSONE SR BOULEVARD,PORT SAINT LUCIE,FL,34987,2024-11-12,1,AMAZON WAREHOUSE DFH7
2,17,3350 LAUREL RIDGE AVE.,RUSKIN,FL,33570,2019-09-18,1,"AMAZON.COM SERVICES, INC."
2,18,6384 HARNEY ROAD,TAMPA,FL,33610,2023-08-22,1,AMAZON.COM SERVICES LLC
2,19,8824 E ADAMO DRIVE,TAMPA,FL,33619,2023-11-08,1,AMAZON DTP1
2,20,770 COMMERCE DRIVE,VENICE,FL,34292,2021-08-03,1,"AMAZON.COM SERVICES, INC."
2,21,4905 DERRICK ROAD SOUTHWEST AMAZON MGE8 SORTATION CENTER,ATLANTA,GA,30349,2021-05-28,2,AMAZON.COM SERVICES LLC
2,22,5115 STONEWALL TELL RD,ATLANTA,GA,30349,2023-05-12,2,AMAZON.COM SERVICES LLC
2,23,5000 LANIER ISLANDS PARKWAY,BUFORD,GA,30518,2023-08-17,1,AMAZON.COM SERVICES LLC
2,24,4200 N COMMERCE DR,EAST POINT,GA,30344,2024-07-10,1,AMAZON.COM SERVICES LLC
2,25,280 BRIDGEPORT BOULEVARD,NEWNAN,GA,30263,2023-07-19,1,AMAZON.COM LLC
2,26,60 TRIPLE-B TRAIL,POOLER,GA,31322,2024-11-12,1,AMAZON.COM SERVICES LLC
2,27,1500 CROSSGATE ROAD,PORT WENTWORTH,GA,31407,2023-03-10,1,AMAZON.COM SERVICES LLC
2,28,4800 HIGHLANDS PARKWAY,SMYRNA,GA,30082,2019-08-06,2,"AMAZON.COM SERVICES, INC."
2,29,2255 WEST PARK PLACE BLVD.,STONE MOUNTAIN,GA,30087,2022-03-09,2,AMAZON
2,30,6400 BUFFINGTON ROAD,UNION CITY,GA,30291,2024-03-20,2,AMAZON.COM SERVICES LLC
2,31,6855 SHANNON PKWY,UNION CITY,GA,30291,2022-11-29,1,AMAZON.COM SERVICES LLC
2,32,1125 REMINGTON BOULEVARD,BOLINGBROOK,IL,60440,2017-08-24,1,"AMAZON.COM.DEDE,LLC"
2,33,3050 GATEWAY COMMERCE CENTER DR S STL 4,EDWARDSVILLE,IL,62025,2017-08-15,1,"AMAZON.COM.DEDC, LLC"
2,34,3077 GATEWAY COMMERCE CENTER DR. S,EDWARDSVILLE,IL,62025,2021-12-11,1,"AMAZON.COM, LLC"
2,35,4300 SOUTH BRANDON ROAD,ELWOOD,IL,60421,2023-07-10,1,"AMAZON.COM SERVICES, LLC"
2,36,11500 FREEMAN ROAD,HUNTLEY,IL,60142,2024-10-24,1,AMAZON.COM SERVICES LLC
2,37,4500 WESTERN AVE.,LISLE,IL,60532,2018-09-06,1,"AMAZON. COM, DEDC, LLC"
2,38,7001 VOLLMER ROAD,MATTESON,IL,60443,2026-07-27,1,AMAZON ORD5
2,39,6605 WEST MONEE-MANHATTAN ROAD,MONEE,IL,60449,2018-07-05,2,"AMAZON.COM.DEDC, LLC"
2,40,1750 BRIDGE DRIVE,WAUKEGAN,IL,60085,2018-03-14,3,AMAZON.COM LLC
2,41,39 BAYVIEW COURT,BAYONNE,NJ,07002,2022-08-04,2,AMAZON.COM SERVICES LLC
2,42,343 HALF ACRE ROAD,CRANBURY,NJ,08512,2021-04-08,2,AMAZON TTN2
2,43,310 N. PRAGUE AVENUE,EGG HARBOR CITY,NJ,08215,2021-10-27,1,AMAZON.COM INC.
2,44,630 SULLIVAN ROAD,ELIZABETH,NJ,07201,2017-03-16,1,"AMAZON.COM.DEDC, LLC"
2,45,50 CENTRAL AVENUE,KEARNY,NJ,07032,2023-07-13,1,AMAZON.COM SERVICES LLC
2,46,2277 CENTER SQ RD,LOGAN TOWNSHIP,NJ,08085,2017-03-20,1,AMAZON WAREHOUSE
2,47,2651 OLDMANS CREEK RD,LOGAN TOWNSHIP,NJ,08085,2023-01-26,1,AMAZON.COM SERVICES LLC
2,48,6 FARRINGTON BOULEVARD,MONROE TOWNSHIP,NJ,08831,2022-08-05,1,"AMAZON.COM SERVICES, LLC"
2,49,429 DELANCY STREET,NEWARK,NJ,07105,2025-03-09,1,AMAZON.COM SERVICES LLC
2,50,1250 FOREST PARKWAY,PAULSBORO,NJ,08066,2022-06-13,1,AMAZON DJE2
2,51,18 APPLEGATE DRIVE,ROBBINSVILLE,NJ,08691,2022-07-24,1,AMAZON PNE5
2,52,50 CANTON WAY,ROBBINSVILLE,NJ,08691,2019-02-15,1,AMAZON.COM SERVICES INC.
2,53,2321 INDUSTRIAL WAY SUITE A,VINELAND,NJ,08360,2013-11-08,1,AMAZON PRODUCE NETWORK LLC
2,54,201 W. GRUMMAN ROAD,BETHPAGE,NY,11714,2021-10-13,1,AMAZON.COM SERVICES LLC
2,55,1 BULOVA AVENUE,FLUSHING,NY,11377,2023-08-09,1,AMAZON.COM. SERVICES LLC-DBK1
2,56,500 HUDSON VALLEY AVENUE,NEW WINDSOR,NY,12553,2022-07-18,3,AMAZON.COM SERVICES LLC
2,57,8590 NE 24TH AVE,AMARILLO,TX,79108,2023-05-03,1,AMAZON AMA1
2,58,940 W BETHEL RD,COPPELL,TX,75019,2016-01-12,1,AMAZON.COM.KYDC LLC
2,59,12101 EMERALD PASS AVENUE,EL PASO,TX,79928,2023-01-26,3,AMAZON.COM SERVICES LLC - ELP1
2,60,4601 GOLD SPIKE DRIVE,FORT WORTH,TX,76106,2023-11-15,1,"AMAZON.COM, INC."
2,61,2303 HURRICANE LANE,FRESNO,TX,77545,2022-02-01,2,AMAZON HOU8
2,62,700 WEST PORT PARK WAY,HASLET,TX,76052,2015-01-16,1,AMAZON
2,63,10550 ELLA BLVD,HOUSTON,TX,77038,2020-03-02,2,AMAZON.COM SERVICES LLC
2,64,11311 N. GESSNER RD.,HOUSTON,TX,77064,2024-01-10,1,AMAZON.COM DELIVERY SERVICES LLC
2,65,8120 HUMBLE WESTFIELD,HUMBLE,TX,77338,2021-04-09,1,AMAZON.COM INC
2,66,2700 REGENT BLVD.,IRVING,TX,75063,2015-10-28,1,"AMAZON.COM, INC."
2,67,2575 KYLE CROSSING,KYLE,TX,78640,2025-05-19,1,AMAZON AUS5
2,68,1110 EAST HUNTER STREET,LUBBOCK,TX,79403,2023-02-16,1,AMAZON LBB5
2,69,3002 EAST MUNICIPAL DRIVE,LUBBOCK,TX,79403,2022-07-29,1,AMAZON WTX2
2,70,10384 WEST US HIGHWAY 90,SAN ANTONIO,TX,78245,2026-01-12,1,AMAZON.COM SERVICES LLC ? SAT4
3,1,6558 E CAMPUS DR BUILDING 2,SAN ANTONIO,TX,78247,2019-06-06,2,"AMAZON.COM SERVICES, INC."
3,2,1401 EAST MCCARTY LANE,SAN MARCOS,TX,78666,2022-02-24,1,AMAZON ROBOTICS SOROBO CENTER SAT 2
3,3,4620 172ND ST NE,ARLINGTON,WA,98223,2024-01-23,6,WA317977957 - AMAZON COM SERVICES LLC
3,4,1227 124TH AVENUE NE,BELLEVUE,WA,98005,2009-12-02,1,AMAZON.COM.DEDC LLC
3,5,7555 AIRPORT WAY SW,BREMERTON,WA,98312,2024-08-22,2,WA317981581 - AMAZON COM SERVICES LLC
3,6,3230 INTERNATIONAL PL,DUPONT,WA,98327,2022-03-21,5,WA317967856 - AMAZON COM SERVICES LLC
3,7,315 SHUKSAN WAY DWS4,EVERETT,WA,98203,2021-12-20,2,WA317966495 - AMAZON COM SERVICES LLC
3,8,607 RIVERSIDE ROAD,EVERETT,WA,98201,2021-11-10,1,WA317966379 - AMAZON COM SERVICES LLC
3,9,6617 ASSOCIATED BLVD,EVERETT,WA,98203,2021-11-22,1,WA317966501 - AMAZON COM SERVICES LLC
3,10,7449 45TH ST CT E,FIFE,WA,98424,2023-07-06,3,WA317974643 - AMAZON COM SERVICES LLC
3,11,20202 84TH AVE S,KENT,WA,98032,2020-10-16,3,WA317961441 - AMAZON COM SERVICES LLC
3,12,20526 59TH PLACE SOUTH BF15,KENT,WA,98032,2016-01-29,3,WA317939318 - AMAZON.COM.DEDC LLC
3,13,2056 59TH PL S,KENT,WA,98032,2016-01-29,1,WA317939340 - AMAZON.COM.DEDC LLC
3,14,21005 64TH AVENUE S,KENT,WA,98032,2016-07-29,11,WA317941659 - AMAZON.COM.DEDC LLC
3,15,22001 84TH AVE S,KENT,WA,98032,2023-12-19,3,WA317977654 - AMAZON COM SERVICES LLC
3,16,11710 118TH AVENUE,KIRKLAND,WA,98034,2025-07-29,1,WA317987138 - AMAZON COM SERVICES LLC
3,17,3300 HOGUM BAY RD NE,LACEY,WA,98516,2022-03-17,6,WA317968012 - AMAZON COM SERVICES LLC
3,18,14802 SPRING ST SW,LAKEWOOD,WA,98439,2023-06-29,2,WA317974856 - AMAZON COM SERVICES LLC
3,19,23226 WITTE RD SE,MAPLE VALLEY,WA,98038,2022-07-05,3,WA317969446 - AMAZON COM SERVICES LLC
3,20,5509 MILITARY RD.,PUYALLUP,WA,98375,2023-10-27,2,WA317977024 - AMAZON COM SERVICES LLC
3,21,1101 SW 16TH ST,RENTON,WA,98057,2020-11-02,2,WA317962500 - AMAZON COM SERVICES LLC
3,22,1905 RAYMOND AVE SW,RENTON,WA,98057,2024-06-27,2,WA317980941 - AMAZON COM SERVICES LLC
3,23,2201 WESTLAKE AVE,SEATTLE,WA,98121,2012-12-27,2,AMAZON CORPORATE LLC
3,24,325 EASTLAKE AVE E FLOOR B,SEATTLE,WA,98109,2023-08-09,1,WA317975544 - AMAZON COM SERVICES LLC
3,25,549 S DAWSON,SEATTLE,WA,98108,2000-02-28,1,AMAZON.COM INC
3,26,76 S LANDER STREET,SEATTLE,WA,98134,2016-12-21,3,WA317943365 - AMAZON.COM.DEDC LLC
3,27,3138 200TH ST E,SPANAWAY,WA,98387,2025-09-23,1,WA317987873 - AMAZON COM SERVICES LLC
3,28,10010 WEST GEIGER BOULEVARD,SPOKANE,WA,99224,2020-09-22,14,WA317961077 - AMAZON COM SERVICES LLC
3,29,18007 E GARLAND AVE,SPOKANE VALLEY,WA,99016,2021-07-08,12,WA317964750 - AMAZON COM SERVICES LLC
3,30,1800 140TH AVE EAST,SUMNER,WA,98390,2011-10-04,1,AMAZON.COM DEDC LLC
3,31,1901 140TH AVE E BFI7,SUMNER,WA,98390,2018-11-13,2,WA317951908 - AMAZON.COM.DEDC LLC
3,32,2201 140TH AVE E,SUMNER,WA,98390,2021-06-30,1,WA317964648 - AMAZON COM SERVICES LLC
3,33,3711 142ND AVE E,SUMNER,WA,98390,2022-02-01,3,WA317967051 - AMAZON COM SERVICES LLC
3,34,2871 S 102ND ST,TUKWILA,WA,98168,2023-06-22,2,WA317974666 - AMAZON COM SERVICES LLC
3,35,501 N KEYS RD,YAKIMA,WA,98901,2026-09-02,1,WA317992815 - AMAZON CORPORATE LLC
3,36,5900 OLD SEWARD HIGHWAY,ANCHORAGE,AK,99518,2024-11-13,1,AMAZON
3,37,7001 ZEUBER DR,LITTLE ROCK,AR,72206,2022-03-30,1,AMAZON.COM INC.
3,38,48 BOSTON POST ROAD,ORANGE,CT,06477,2023-11-21,1,AMAZON DCY9
3,39,137 LATHROP ROAD,PLAINFIELD,CT,06374,2026-09-02,1,AMAZON DCY2
3,40,29 RESEARCH PARKWAY,WALLINGFORD,CT,06492,2015-12-16,3,"AMAZON.COM.DEDC, LLC (BDL5)"
3,41,400 OLD IRON ORE ROAD,WINDSOR,CT,06095,2026-08-17,1,AMAZON
3,42,560 MERRIMAC AVE,MIDDLETOWN,DE,19709,2022-10-27,2,"AMAZON.COM SERVICES, LLC - PHL7"
3,43,1 CENTER POINT BOULEVARD,NEW CASTLE,DE,19720,1999-10-20,2,AMAZON.COM
3,44,780 SOUTH DUPONT HIGHWAY,NEW CASTLE,DE,19720,2024-05-01,1,"AMAZON.COM SERVICES, LLC - ILG1"
3,45,2101 AUIKI STREET,HONOLULU,HI,96819,2025-06-05,1,AMAZON.COM SERVICES LLC
3,46,500 32ND ST SW,BONDURANT,IA,50035,2023-03-08,1,AMAZON WAREHOUSE DSM5
3,47,1301 SE GATEWAY DRIVE,GRIMES,IA,50111,2025-01-14,1,AMAZON
3,48,1411 3RD AVE NORTH,NAMPA,ID,83687,2019-02-22,1,"AMAZON.COM, INC, #DID1"
3,49,5295 E FRANKLIN RD,NAMPA,ID,83687,2022-08-01,1,AMAZON.COM SERVICES LLC
3,50,5319 E FRANKLIN RD,NAMPA,ID,83687,2021-04-27,2,AMAZON.COM SERVICES LLC
3,51,9850 MISSISSIPPI ST.,CROWN POINT,IN,46307,2026-03-11,1,AMAZON.COM SERVICES LLC - PPO4
3,52,5510 FLAUGH ROAD,FORT WAYNE,IN,46818,2025-11-21,1,AMAZON.COM SERVICES LLC
3,53,9798 SMITH ROAD,FORT WAYNE,IN,46809,2023-05-09,3,AMAZON - FWA4
3,54,4412 W 300 N,GREENFIELD,IN,46140,2022-01-10,4,112596 - MQJ1 AMAZON
3,55,710 SOUTH GIRL SCHOOL ROAD,INDIANAPOLIS,IN,46231,2017-10-27,2,106679 - AMAZON
3,56,7760 W MORRIS STREET,INDIANAPOLIS,IN,46231,2022-08-18,1,AMAZON RETURN CENTER IND8
3,57,900 PATROL ROAD,JEFFERSONVILLE,IN,47130,2014-05-27,5,AMAZON
3,58,31100 STATE ROUTE 2,NEW CARLISLE,IN,46552,2026-02-04,1,AMAZON WEB SERVICES
3,59,715 AIRTECH PARKWAY,PLAINFIELD,IN,46168,2012-12-13,1,"AMAZON.COM, INC"
3,60,800 PERRY ROAD,PLAINFIELD,IN,46168,2017-08-02,2,106402 - AMAZON.COM  INC.
3,61,4255 ANSON BLVD,WHITESTOWN,IN,46075,2012-01-26,2,AMAZON.COM.INDC LLC
3,62,1 AMAZON WAY,COFFEYVILLE,KS,67337,2000-05-17,1,AMAZON.COM
3,63,2654 HWY 169,COFFEYVILLE,KS,67337,2005-12-13,2,AMAZON.COM
3,64,7130 NORTH BROADWAY,PARK CITY,KS,67219,2023-05-11,2,AMAZON.COM SERVICES LLC
3,65,4054 POWELL DRIVE,SHAWNEE,KS,66226,2026-02-10,1,AMAZON DISTRIBUTION CENTER
3,66,1050 S COLUMBIA AVE,CAMPBELLSVILLE,KY,42718,2009-07-31,2,"AMAZON.COM.KYDC,INC."
3,67,289 WENDALL H FORD,ERLANGER,KY,41018,2025-05-29,1,68026 - AMAZON COM SERVICES LLC
3,68,4600 OLYMPIC BLVD.,ERLANGER,KY,41018,2022-05-06,2,64982 - AMAZON COM SERVICES LLC
3,69,4620 OLYMPIC BLVD,ERLANGER,KY,41018,2019-11-12,1,61260 - AMAZON COM SERVICES INC
3,70,1051 S. COLUMBIA AVENUE,FINLEY,KY,42718,2022-12-12,1,65713 - AMAZON COM SERVICES LLC
4,1,4805 AERO PARKWAY,FLORENCE,KY,41042,2026-04-21,1,69052 - AMAZON COM SERVICES LLC
4,2,1155 WORLDWIDE BLVD,HEBRON,KY,41048,2011-07-11,1,"AMAZON.COM, LLC"
4,3,1600 WORLDWIDE BLVD,HEBRON,KY,41048,2013-01-16,6,AMAZON COM  LLC
4,4,2285 LITTON LANE,HEBRON,KY,41048,2022-01-12,5,64582 - AMAZON COM SERVICES LLC
4,5,2305 LITTON LANE,HEBRON,KY,41048,2020-06-09,1,62790 - AMAZON COM SERVICES LLC
4,6,3521 POINT PLEASANT RD,HEBRON,KY,41048,2020-02-25,1,61528 - AMAZON COM SERVICES LLC CVG2
4,7,3680 LANGLEY DR,HEBRON,KY,41048,2009-08-13,2,"AMAZON.COM, LLC"
4,8,1180 NEWTOWN PIKE,LEXINGTON,KY,40511,2025-10-23,2,68507 - AMAZON COM SERVICES LLC
4,9,172 TRADE ST,LEXINGTON,KY,40511,2009-03-17,11,AMAZON.COM.KYDC LLC
4,10,1850 MERCER RD,LEXINGTON,KY,40511,2005-07-29,8,"AMAZON.COM.KYDC, INC."
4,11,289 WENDALL H FORD BLVD.,RABBIT HASH,KY,41005,2023-05-23,1,66126 - AMAZON COM SERVICES LLC
4,12,100 W THOMAS P ECHOLS LN 3,SHEPHERDSVILLE,KY,40165,2021-01-07,4,63390 - AMAZON COM SERVICES LLC
4,13,649 OMEGA PKWY,SHEPHERDSVILLE,KY,40165,2023-10-05,1,66521 - AMAZON COM SERVICES LLC
4,14,1 SPEEDWAY DRIVE,SPARTA,KY,41086,2021-03-17,1,63609 - AMAZON COM SERVICES LLC
4,15,3550 NE EVANGELINE THROUGHWAY,CARENCRO,LA,70520,2022-11-17,1,AMAZON
4,16,351 MAPLE STREET,BELLINGHAM,MA,02019,2025-07-23,1,AMAZON.COM SERVICES LLC
4,17,201 BEACHAM STREET,EVERETT,MA,02149,2020-02-21,1,"AMAZON.COM SERVICES, INC."
4,18,1180 INNOVATION WAY,FALL RIVER,MA,02720,2023-05-03,2,AMAZON.COM
4,19,1450 OSGOOD STREET,NORTH ANDOVER,MA,01845,2024-06-26,1,AMAZON INC
4,20,750 EVERETT STREET,NORWOOD,MA,02062,2024-11-15,1,AMAZON.COM SERVICES LLC
4,21,1000 TECHNOLOGY CENTER DRIVE,STOUGHTON,MA,02072,2018-02-05,3,AMAZON
4,22,515 DOUGLAS STREET,UXBRIDGE,MA,01569,2026-08-04,1,"AMAZON.COM SERVICES, LLC"
4,23,110 FORDHAM ROAD,WILMINGTON,MA,01887,2023-11-21,1,"AMAZON.COM, INC"
4,24,913 OLD PHILADELPHIA ROAD,ABERDEEN,MD,21001,2024-01-24,1,AMAZON.COM SERVICES LLC
4,25,2010 BROENING HIGHWAY,BALTIMORE,MD,21224,2016-01-13,4,"AMAZON.COM.DEDC, LLC"
4,26,1351 MATHISON WAY,BWI AIRPORT,MD,21240,2020-08-13,4,AMAZON.COM SERVICES LLC
4,27,1701 FINISHING MILL ROAD,EDGEMERE,MD,21219,2026-08-06,1,AMAZON.COM SERVICES LLC
4,28,6001 BETHLEHEM BOULEVARD,EDGEMERE,MD,21219,2021-02-03,5,"AMAZON.COM SERVICES, LLC"
4,29,2203 LAKESIDE BOULEVARD,EDGEWOOD,MD,21040,2020-12-23,1,AMAZON.COM SERVICES LLC
4,30,7200 DORSEY RUN ROAD,ELKRIDGE,MD,21075,2022-07-06,1,AMAZON.COM SERVICES LLC
4,31,1115 WESEL BOULEVARD,HAGERSTOWN,MD,21740,2023-05-02,2,AMAZON.COM SERVICES LLC
4,32,13905 CRAYTON BOULEVARD,HAGERSTOWN,MD,21742,2021-07-27,2,AMAZON.COM SERVICES LLC
4,33,55 WEST OAK RIDGE DRIVE,HAGERSTOWN,MD,21740,2024-10-21,1,AMAZON.COM SERVICES LLC
4,34,5501 HOLABIRD AVENUE,HIGHLANDTOWN,MD,21224,2018-09-10,1,"AMAZON.COM, INC."
4,35,600 PRINCIPIO PARKWAY WEST,NORTH EAST,MD,21901,2023-08-16,1,AMAZON.COM SERVICES LLC
4,36,1700 SPARROWS POINT BLVD,SPARROWS POINT,MD,21219,2020-09-25,2,AMAZON.COM SERVICE LLC
4,37,19991 BROWNSTOWN CENTER DR STE 900,BROWNSTOWN TOWNSHIP,MI,48183,2016-08-30,2,AMAZON LLC
4,38,20110 WOODWARD AVE,DETROIT,MI,48203,2026-06-09,1,AMAZON DET6
4,39,1400 E 10 MILE RD SUITE 190,HAZEL PARK,MI,48030,2025-10-02,1,AMAZON.COM SERVICES LLC DBA AMAZON
4,40,550 W. WESTERN AVE,MUSKEGON,MI,49440,2016-03-09,1,AMAZON BUILDING
4,41,9075 HAGGERTY ROAD,PLYMOUTH,MI,48170,2022-07-13,4,AMAZON.COM SERVICES LLC
4,42,1300 FEATHERSTONE ROAD,PONTIAC,MI,48342,2024-03-13,6,AMAZON HUB DDT6
4,43,32801 ECORSE RD,ROMULUS,MI,48174,2019-04-02,3,AMAZON
4,44,50500 MOUND ROAD,SHELBY TOWNSHIP,MI,48315,2019-02-04,7,AMAZON.COM
4,45,9800 217TH ST,LAKEVILLE,MN,55044,2025-06-18,1,109366 - AMAZON.COM SERVICES LLC - MSP6
4,46,10440 89TH AVE N,OSSEO,MN,55369,2021-08-05,1,103270 - AMAZON COM SERVICES LLC
4,47,10750 89TH AVE N,OSSEO,MN,55369,2024-06-18,1,107696 - AMAZON.COM SERVICES LLC - DMP1
4,48,3130 LEXINGTON AVE S,SAINT PAUL,MN,55121,2023-05-26,1,106152 - AMAZON DMS2
4,49,8850 SPRINGDALE AVENUE,BERKELEY,MO,63134,2025-01-14,1,AMAZON STL-9
4,50,2400 NORTHEAST CORONADO DRIVE,BLUE SPRINGS,MO,64029,2022-10-25,1,AMAZON DELIVERY CENTER
4,51,4000 PREMIER PARKWAY STL8,SAINT PETERS,MO,63376,2023-04-03,2,AMAZON.COM SERVICES LLC
4,52,"1615 COMMERCE PARKWAY, MEM3",HORN LAKE,MS,38637,2025-01-16,1,"AMAZON.COM, INC (MEM3)"
4,53,10240 OLD DOWD ROAD,CHARLOTTE,NC,28214,2022-03-24,2,151446 - AMAZON.COM SERVICES LLC
4,54,7929 NATIONAL SERVICE RD,COLFAX,NC,27235,2023-04-27,1,"154121 - AMAZON.COM SERVICES, INC."
4,55,413 GOODMAN ROAD,CONCORD,NC,28027,2023-02-16,1,153656 - AMAZON.COM SERVICES LLC
4,56,6500 DAVIDSON HIGHWAY,CONCORD,NC,28027,2021-07-21,1,149684 - AMAZON.COM SERVICES LLC
4,57,1275 PERSON STREET,DURHAM,NC,27703,2024-03-07,1,"156165 - AMAZON.COM SERVICES, INC."
4,58,1805 TW ALEXANDER DR,DURHAM,NC,27703,2017-05-02,1,"134390 - AMAZON.COM. DEDC, LLC"
4,59,1201 N GREENFIELD PARKWAY,GARNER,NC,27529,2026-07-06,1,161499 - AMAZON.COM SERVICES LLC
4,60,4851 JONES SAUSAGE ROAD,GARNER,NC,27529,2024-01-04,1,155738 - AMAZON.COM SERVICES LLC
4,61,1656 OLD GREENSBORO RD,KERNERSVILLE,NC,27284,2021-06-15,1,149424 - AMAZON.COM SERVICES LLC
4,62,12000 INNOVATION AVENUE,MORRISVILLE,NC,27560,2021-08-02,1,"149764 - AMAZON, INC."
4,63,2150 US HWY 70 BUSINESS WEST,SMITHFIELD,NC,27577,2026-07-20,1,161591 - AMAZON.COM SERVICES LLC
4,64,14248 NEBRASKA 370,OMAHA,NE,68138,2025-07-08,1,AMAZON.COM SERVICES LLC
4,65,10 STATE ST,NASHUA,NH,03061,2020-01-09,2,AMAZON
4,66,1600 E. NEWLANDS DRIVE,FERNLEY,NV,89408,1999-03-22,33,"AMAZON.COM, INC."
4,67,12300 SOUTH BERMUDA ROAD,HENDERSON,NV,89044,2021-08-24,2,AMAZON.COM SERVICES LLC
4,68,3777 MARION DRIVE,LAS VEGAS,NV,89115,2024-03-07,1,AMAZON.COM SERVICES LLC
4,69,4410 NEXUS WAY,LAS VEGAS,NV,89115,2025-03-20,1,AMAZON.COM SERVICES LLC
4,70,5802 EAST TROPICAL PARKWAY,LAS VEGAS,NV,89115,2023-06-20,2,AMAZON.COM SERVICES LLC
5,1,6001 EAST TROPICAL PKWY,LAS VEGAS,NV,89115,2019-12-09,4,"AMAZON.COM SERVICES, INC."
5,2,9085 MOYA BLVD.,RENO,NV,89503,2002-10-31,4,"AMAZON.COM, INC."
5,3,555 MILAN DRIVE,SPARKS,NV,89434,2015-03-12,1,AMAZON.COM
5,4,2400 ROMIG ROAD,AKRON,OH,44320,2022-06-21,1,AMAZON.COM SERVICES LLC AKC1
5,5,2450 ROMIG ROAD,AKRON,OH,44320,2022-10-07,2,AMAZON.COM SERVICES LLC AKC1
5,6,290 EAST EXCHANGE STREET,AKRON,OH,44304,2022-06-29,1,AMAZON.COM SERVICES LLC
5,7,6465 BUSCH BOULEVARD,COLUMBUS,OH,43229,2022-09-09,1,"AMAZON.COM SERVICES, LLC."
5,8,11999 NATIONAL RD SW,ETNA,OH,43018,2022-12-06,3,AMAZON (CMH1)
5,9,1155 BABBITT ROAD,EUCLID,OH,44132,2022-02-15,4,"AMAZON.COM SERVICES, LLC"
5,10,6050 GATEWAY COURT,GROVEPORT,OH,43125,2022-11-10,2,AMAZON.COM SERVICES LLC
5,11,2570 BEECH ROAD NORTHWEST,JOHNSTOWN,OH,43031,2021-02-24,1,AMAZON DATA CENTER
5,12,21500 EMERY,NORTH RANDALL,OH,44128,2019-02-06,1,"AMAZON.COM SERVICES, INC."
5,13,27400 CROSSROADS PARKWAY,ROSSFORD,OH,43460,2021-12-23,2,"AMAZON.COM SERVICES, LLC"
5,14,5585 CANAL ROAD,VALLEY VIEW,OH,44125,2026-05-21,1,AMAZON CAK4
5,15,1550 W. MAIN STREET,WEST JEFFERSON,OH,43162,2020-04-28,2,"AMAZON.COM SERVICES, LLC"
5,16,150 RUANE DRIVE,WILMINGTON,OH,45177,2020-05-28,1,AMAZON
5,17,73575 LEWIS AND CLARK RD,BOARDMAN,OR,97818,2013-09-11,1,AMAZON.COM INC
5,18,3108 NE 230TH AVE,FAIRVIEW,OR,97024,2021-09-23,1,317729271 - AMAZON.COM SERVICES LLC
5,19,5647 NE HUFFMAN ST,HILLSBORO,OR,97124,2022-06-30,3,317730821 - AMAZON.COM SERVICES LLC
5,20,5647 NW HUFFMAN ST,HILLSBORO,OR,97124,2017-03-28,2,317716305 - AMAZON.COM DEDC LLC
5,21,6250 ALTAMONT DR,KLAMATH FALLS,OR,97603,2026-04-20,1,317743868 - AMAZON.COM SERVICES LLC
5,22,15000 N LOMBARD ST,PORTLAND,OR,97203,2021-05-04,3,317728555 - AMAZON.COM SERVICES LLC
5,23,2104 NW YORK ST,PORTLAND,OR,97210,2019-07-08,1,317724786 - AMAZON.COM DEDC LLC
5,24,3610 NW SAINT HELENS RD,PORTLAND,OR,97210,2017-12-21,4,317719091 - AMAZON.COM DEDC LLC
5,25,4775 DEPOT CT,SALEM,OR,97317,2019-12-09,5,317726372 - AMAZON.COM SERVICES INC
5,26,1250 NW SWIGERT WAY,TROUTDALE,OR,97060,2018-10-01,8,317722003 - AMAZON.COM DEDC LLC
5,27,21409 SW 115TH AVE,TUALATIN,OR,97062,2022-01-21,1,317729895 - AMAZON.COM SERVICES LLC
5,28,450 BUTTEVILLE RD NE,WOODBURN,OR,97071,2025-03-11,1,317739784 - AMAZON.COM SERVICES LLC
5,29,705 BOULDER DRIVE,BREINIGSVILLE,PA,18031,2011-06-09,1,AMAZON.COM
5,30,2 AMES DRIVE,CARLISLE,PA,17015,2022-08-01,1,"AMAZON.COM SERVICES, LLC"
5,31,AMAZON PHL 6 FULFILLMENT CENTER 675 ALLEN ROAD,CARLISLE,PA,17015,2017-09-20,1,AMAZON.COM.DEDC (LLC)
5,32,177 MCCLAREN ROAD,CORAOPOLIS,PA,15108,2023-02-08,1,"AMAZON.COM SERVICES, LLC"
5,33,2424 WEST 23RD STREET,ERIE,PA,16506,2025-10-22,2,"AMAZON.COMSERVICES, LLC"
5,34,3563 MOUNTAIN RD,HAMBURG,PA,19526,2022-01-20,1,AMAZON.COM RDG1
5,35,550 OAKRIDGE DRIVE,HAZLETON,PA,18202,2021-04-08,1,AMAZON.COM
5,36,550 OAKRIDGE ROAD,HAZLETON,PA,18202,2017-09-15,4,"AMAZON DEDC, LLC"
5,37,45 VALLEY VIEW DRIVE,JESSUP,PA,18434,2023-06-15,2,AMAZON.COM SERVICES LLC
5,38,200 GOODMAN DRIVE,LEWISBERRY,PA,17339,2022-05-06,1,"AMAZON.COM SERVICES, LLC"
5,39,360 INDEPENDENCE AVE,MECHANICSBURG,PA,17055,2024-05-29,1,AMAZON.COM
5,40,3327 EAST HARRISBURG PIKE,MIDDLETOWN,PA,17057,2024-12-12,1,AMAZON
5,41,4219 RICHMOND STREET,PHILADELPHIA,PA,19137,2024-10-21,1,AMAZON
5,42,7575 BREWSTER AVE,PHILADELPHIA,PA,19153,2021-09-16,1,AMAZON.COM SERVICES LLC
5,43,2250 POSWELL AVENUE,PITTSBURGH,PA,15205,2022-07-21,1,AMAZON.COM SERVICES LLC
5,44,2250 ROSWELL DRIVE,PITTSBURGH,PA,15205,2015-04-29,2,AMAZON
5,45,1480 UNITED DRIVE AMAZON HGR5,SHIPPENSBURG,PA,17257,2024-12-10,1,"AMAZON.COM, INC."
5,46,2120 HARTFORD AVE,JOHNSTON,RI,02919,2026-07-27,1,AMAZON.COM SERVICES LLC
5,47,115 DUPONT DR.,PROVIDENCE,RI,02907,2024-03-21,2,DRI1 AMAZON PROVIDENCE
5,48,9801 HWY 78,LADSON,SC,29456,2024-05-22,1,76206 - AMAZON STATION
5,49,225 INFINITY DRIVE NW,CHARLESTON,TN,37310,2012-01-05,3,AMAZON INC CORPORATION
5,50,7200 DISCOVERY DR,CHATTANOOGA,TN,37421,2012-02-29,7,AMAZON COM DEDC LLC
5,51,3875 GUTHRIE HIGHWAY,CLARKSVILLE,TN,37040,2024-07-18,2,AMAZON.COM SERVICES LLC
5,52,3001 KNOXVILLE CENTER DRIVE,KNOXVILLE,TN,37924,2026-09-01,1,AMAZON.COM SERVICES LLC
5,53,500 DUKE DR,LEBANON,TN,37090,2015-10-20,5,AMAZON.COM.DEDC LLC
5,54,3292 E HOLMES RD,MEMPHIS,TN,38112,2020-03-03,1,AMAZON.COM SERVICES LLC
5,55,5155 CITATION DRIVE,MEMPHIS,TN,38118,2023-07-24,1,"AMAZON.COM SERVICES, INC."
5,56,6060 GOLDEN BEAR GATEWAY,MT JULIET,TN,37122,2024-05-10,1,AMAZON.COM SERVICES LLC
5,57,2020 JOE B JACKSON PKWY,MURFREESBORO,TN,37127,2020-07-10,2,AMAZON.COM SERVICES LLC
5,58,2813 BRICK CHURCH PIKE,NASHVILLE,TN,37207,2021-05-06,1,"AMAZON.COM SERVICES, LLC"
5,59,1222 S 500 E,AMERICAN FORK,UT,84003,2022-12-08,1,"AMAZON.COM SERVICES, LLC"
5,60,346 E 1600 S,AMERICAN FORK,UT,84003,2026-04-08,1,AMAZON COM
5,61,5420 JOHN CANNON DR STE 500,SALT LAKE CITY,UT,84116,2023-10-17,1,"AMAZON DATA SERVICES, INC"
5,62,770 GLADIOLA STREET,SALT LAKE CITY,UT,84104,2025-09-03,1,AMAZON.COMSERVICES LLC
5,63,777 NORTH 5600 WEST,SALT LAKE CITY,UT,84116,2022-06-27,3,AMAZON.COM SERVICES LLC
5,64,6802 E OLD BINGHAM HIGHWAY,SOUTH JORDAN,UT,84095,2020-12-09,1,AMAZON.COM SERVICES LLC
5,65,7001 NEW BINGHAM HIGHWAY,WEST JORDAN,UT,84081,2023-06-28,1,AMAZON.COM SERVICES LLC
5,66,7148 W  OLD BINGHAM HIGHWAY,WEST JORDAN,UT,84081,2021-11-26,4,AMAZON.COM SERVICES LLC
5,67,19800 BELMONT CHASE DRIVE SUITE 160,ASHBURN,VA,20147,2025-01-10,1,"AMAZON.COM SERVICES, LLC"
5,68,5045 PORTSMOUTH BOULEVARD,CHESAPEAKE,VA,23321,2023-10-05,3,AMAZON ORF2
5,69,1901 MEADOWVILLE TECHNOLOGY PARKWAY,CHESTER,VA,23836,2013-01-19,7,AMAZON
5,70,165 BUSINESS BLVD,CLEAR BROOK,VA,22624,2019-11-25,2,"AMAZON.COM SERVICES, INC."
6,1,2000 ENTERPRISE PARKWAY,HAMPTON,VA,23666,2024-09-18,1,AMAZON.COM SERVICE LLC
6,2,AMAZON XR13 4949 COMMERCE RD,RICHMOND,VA,23234,2026-05-27,1,AMAZON.COM SERVICES LLC
6,3,2002 BLUE HILLS DRIVE NE,ROANOKE,VA,24012,2025-02-25,1,AMAZON.COM LLC (WRK1)
6,4,2022 ASHLAND ROAD,ROCKVILLE,VA,23146,2026-08-25,1,AMAZON ROBOTICS
6,5,42948 FRADELEY LN,STERLING,VA,20166,2021-03-04,1,"AMAZON DATA SERVICES INC, IAD68"
6,6,2020 NORTHGATE COMMERCE PARKWAY,SUFFOLK,VA,23435,2022-10-04,6,AMAZON.COM SERVICES LLC
6,7,1833 TWIN MILLS RD.,VIRGINIA BEACH,VA,23456,2026-04-30,2,"AMAZON.COM SERVICES, LLC"
6,8,2712 WEST MAIN STREET,WAYNESBORO,VA,22980,2026-03-02,1,"AMAZON.COM SERVICES, LLC"
6,9,W6331 WALLY WAY,GREENVILLE,WI,54942,2024-07-10,1,AMAZON.COM SERVICES LLC.
6,10,3501 120TH AVENUE,KENOSHA,WI,53140,2015-10-01,3,"AMAZON.COM.DEDC, LLC"
6,11,673 10TH STREET,HUNTINGTON,WV,25701,2005-01-04,1,"AMAZON.COM, WVCS"
6,12,2650 EAST 2ND STREET,GILLETTE,WY,82718,2026-01-14,1,AMAZON INC.
