facility_id,lat,lon,geo_src
NAT-0001,61.167256917842,-149.86816057513,census
NAT-0002,38.202375921827,-122.273666228284,census
NAT-0003,35.44850696675,-119.046733418965,census
NAT-0004,34.043273441882,-117.383380606225,census
NAT-0005,34.216807197027,-119.032710437375,census
NAT-0006,34.234414246286,-118.584259776303,census
NAT-0007,34.240851847103,-118.584864104699,census
NAT-0008,34.016319548203,-117.953911771938,census
NAT-0009,,,no_match
NAT-0010,36.716838591354,-119.754591226054,census
NAT-0012,33.916523610944,-118.323115848298,census
NAT-0013,,,no_match
NAT-0014,33.620717332679,-117.680683183189,census
NAT-0015,37.625106629919,-120.925718314605,census
NAT-0016,34.128562290503,-117.424547242976,census
NAT-0017,,,no_match
NAT-0018,38.783377050046,-121.313694330953,census
NAT-0019,,,no_match
NAT-0020,38.699102172188,-121.569752763795,census
NAT-0021,34.185713780274,-117.362603058777,census
NAT-0022,32.567964043892,-116.988689766869,census
NAT-0023,,,no_match
NAT-0024,37.900472824808,-121.202207428053,census
NAT-0025,37.754128310843,-121.406696194914,census
NAT-0027,34.446488163266,-118.64361837995,census
NAT-0028,,,no_match
NAT-0029,28.244680031499,-81.661491601925,census
NAT-0030,28.202968268158,-82.537592955996,census
NAT-0031,28.459405956019,-81.440655311329,census
NAT-0032,27.580534214538,-82.534884075969,census
NAT-0033,,,no_match
NAT-0034,27.999164537636,-82.383095221566,census
NAT-0035,27.949404014086,-82.358388499426,census
NAT-0037,,,no_match
NAT-0038,,,no_match
NAT-0039,32.163727563582,-81.242300575795,census
NAT-0040,32.147191457154,-81.173376939429,census
NAT-0041,33.828178467325,-84.508297425757,census
NAT-0042,33.815009582848,-84.114976587,census
NAT-0043,21.321711146037,-157.887595850631,census
NAT-0044,41.679133011353,-93.77756712209,census
NAT-0045,41.128693511605,-85.226297115045,census
NAT-0046,,,no_match
NAT-0047,,,no_match
NAT-0048,39.076199257133,-84.716470168523,census
NAT-0049,38.081030204909,-84.49225192956,census
NAT-0050,42.095616871663,-71.45065109894,census
NAT-0051,42.394297249377,-71.055648806986,census
NAT-0052,,,no_match
NAT-0053,42.070046450446,-71.659411303452,census
NAT-0054,42.56251520792,-71.138315793704,census
NAT-0055,39.490307975192,-76.183370395332,census
NAT-0056,39.449137977781,-76.317098331679,census
NAT-0057,39.178142018039,-76.755437480851,census
NAT-0058,39.271833858318,-76.549069103003,census
NAT-0059,42.47620519667,-83.091927851062,census
NAT-0060,43.233448345512,-86.256413882665,census
NAT-0061,45.116316299293,-93.414794377398,census
NAT-0062,44.843673811166,-93.146715928783,census
NAT-0063,38.725005847021,-90.324823742845,census
NAT-0064,39.025628845793,-94.237909172644,census
NAT-0065,36.084656311502,-79.979550903276,census
NAT-0066,35.408791247652,-80.697163262092,census
NAT-0067,35.966711937146,-78.875262282807,census
NAT-0068,35.697137468693,-78.568986331918,census
NAT-0069,39.541387828692,-74.542439423067,census
NAT-0070,,,no_match
NAT-0071,35.970165445646,-115.154692390419,census
NAT-0072,,,no_match
NAT-0073,41.48798944208,-74.103514252235,census
NAT-0074,41.047851985381,-81.58088412866,census
NAT-0075,40.097419341,-82.993599874687,census
NAT-0076,41.410587019831,-81.628760862715,census
NAT-0077,45.543232395033,-122.426259396979,census
NAT-0078,45.5496660247,-122.72755911717,census
NAT-0080,45.367692321178,-122.795497088269,census
NAT-0081,40.462437089873,-80.220511790607,census
NAT-0082,42.094490856305,-80.129491836951,census
NAT-0083,41.460426081503,-75.549948978618,census
NAT-0084,40.199196004057,-76.978699352685,census
NAT-0085,40.182772761753,-76.672837171618,census
NAT-0086,39.902501799238,-75.232511747581,census
NAT-0087,39.995303047957,-75.077289049693,census
NAT-0088,41.800003422989,-71.435450036157,census
NAT-0089,32.995794252449,-80.110037426456,census
NAT-0090,,,no_match
NAT-0091,29.55263895022,-95.502308420613,census
NAT-0092,33.618276990803,-101.806192053178,census
NAT-0093,29.600288985637,-98.359958915135,census
NAT-0094,40.352455180691,-111.78560866217,census
NAT-0095,,,no_match
NAT-0096,40.787475478103,-112.017498368476,census
NAT-0097,,,no_match
NAT-0098,40.58228306695,-112.048072893644,census
NAT-0099,37.459360953747,-77.427197262026,census
NAT-0100,37.304644214705,-79.907302008769,census
NAT-0101,37.69406743778,-77.663448188746,census
NAT-0102,38.080981447926,-78.926220308578,census
NAT-0103,47.501108906028,-122.751572244304,census
NAT-0104,47.079446067107,-122.765225966818,census
B1-002,,,no_match
B1-006,33.440324998422,-112.221232155326,census
B1-008,38.202375921827,-122.273666228284,census
B1-009,35.44850696675,-119.046733418965,census
B1-011,34.043273441882,-117.383380606225,census
B1-013,34.216807197027,-119.032710437375,census
B1-014,34.240851847103,-118.584864104699,census
B1-015,34.234414246286,-118.584259776303,census
B1-016,34.016319548203,-117.953911771938,census
B1-018,,,no_match
B1-021,,,no_match
B1-022,36.716838591354,-119.754591226054,census
B1-024,33.916523610944,-118.323115848298,census
B1-026,,,no_match
B1-027,33.620717332679,-117.680683183189,census
B1-028,37.625106629919,-120.925718314605,census
B1-031,37.760997608089,-122.211071255564,census
B1-033,,,no_match
B1-038,34.128562290503,-117.424547242976,census
B1-039,37.980001163604,-122.352845325713,census
B1-040,,,no_match
B1-041,38.783377050046,-121.313694330953,census
B1-042,,,no_match
B1-043,38.699102172188,-121.569752763795,census
B1-046,34.185713780274,-117.362603058777,census
B1-047,32.567964043892,-116.988689766869,census
B1-052,,,no_match
B1-053,37.900472824808,-121.202207428053,census
B1-054,37.754128310843,-121.406696194914,census
B1-060,38.416995672279,-121.948307152443,census
B1-061,38.416151202412,-121.954799574836,census
B1-062,34.446488163266,-118.64361837995,census
B1-070,,,no_match
