facility_id,site_address,city,state,zip,open_year,open_quarter,osha_operating_by,source,address_full,lat,lon,geo_src,est_date,confidence,n_scenes
NAT-0001,5900 OLD SEWARD HIGHWAY,ANCHORAGE,AK,99518,2024,4,2024-11-13,national_panel,"5900 OLD SEWARD HIGHWAY, ANCHORAGE, AK 99518",61.167256917842,-149.86816057513,census,2023-11-20,1.2505227746135124,93
NAT-0002,300 BOONE DRIVE.,AMERICAN CANYON,CA,94503,2023,2,2023-04-28,national_panel,"300 BOONE DRIVE., AMERICAN CANYON, CA 94503",38.202375921827,-122.273666228284,census,2022-04-24,1.437992181356087,118
NAT-0003,1601 PETROL ROAD,BAKERSFIELD,CA,93308,2022,3,2022-08-15,national_panel,"1601 PETROL ROAD, BAKERSFIELD, CA 93308",35.44850696675,-119.046733418965,census,2025-05-27,0.2743998791401292,53
NAT-0004,3388 SOUTH CACTUS AVENUE,BLOOMINGTON,CA,92316,2023,2,2023-05-02,national_panel,"3388 SOUTH CACTUS AVENUE, BLOOMINGTON, CA 92316",34.043273441882,-117.383380606225,census,2022-02-07,2.557797816277152,117
NAT-0005,3001 MISSION OAKS BOULEVARD,CAMARILLO,CA,93012,2025,4,2025-11-21,national_panel,"3001 MISSION OAKS BOULEVARD, CAMARILLO, CA 93012",34.216807197027,-119.032710437375,census,2021-12-12,4.545960220664933,85
NAT-0006,9031 LURLINE AVE.,CHATSWORTH,CA,91311,2020,4,2020-11-04,national_panel,"9031 LURLINE AVE., CHATSWORTH, CA 91311",34.234414246286,-118.584259776303,census,2022-02-07,2.668406480293491,116
NAT-0007,20730 PRAIRIE STREET,CHATSWORTH,CA,91311,2022,3,2022-08-08,national_panel,"20730 PRAIRIE STREET, CHATSWORTH, CA 91311",34.240851847103,-118.584864104699,census,2022-02-07,2.1892131708056297,116
NAT-0008,15930 VALLEY BOULEVARD,CITY OF INDUSTRY,CA,91744,2022,2,2022-06-14,national_panel,"15930 VALLEY BOULEVARD, CITY OF INDUSTRY, CA 91744",34.016319548203,-117.953911771938,census,2022-02-07,3.4494057642948164,117
NAT-0010,2325 S. CEDAR AVE,FRESNO,CA,93725,2022,2,2022-05-19,national_panel,"2325 S. CEDAR AVE, FRESNO, CA 93725",36.716838591354,-119.754591226054,census,2026-02-04,1.0183974493899595,55
NAT-0012,2815 W. EL SEGUNDO BLVD.,HOLLYGLEN,CA,90250,2017,4,2017-12-29,national_panel,"2815 W. EL SEGUNDO BLVD., HOLLYGLEN, CA 90250",33.916523610944,-118.323115848298,census,2022-02-07,1.6276597881891117,116
NAT-0014,25725 JERONIMO ROAD,MISSION VIEJO,CA,92691,2021,3,2021-09-23,national_panel,"25725 JERONIMO ROAD, MISSION VIEJO, CA 92691",33.620717332679,-117.680683183189,census,2022-02-07,5.686438541924845,117
NAT-0015,3731 FINCH ROAD,MODESTO,CA,95357,2020,2,2020-05-21,national_panel,"3731 FINCH ROAD, MODESTO, CA 95357",37.625106629919,-120.925718314605,census,2026-02-12,0.6298956604410343,53
NAT-0016,2496 W. WALNUT AVENUE,RIALTO,CA,92376,2020,2,2020-05-18,national_panel,"2496 W. WALNUT AVENUE, RIALTO, CA 92376",34.128562290503,-117.424547242976,census,2026-02-21,2.164463057053567,117
NAT-0018,7601 FOOTHILLS BLVD,ROSEVILLE,CA,95747,2022,1,2022-01-18,national_panel,"7601 FOOTHILLS BLVD, ROSEVILLE, CA 95747",38.783377050046,-121.313694330953,census,2025-06-19,0.0793550445676292,53
NAT-0020,7601 METRO AIR PARKWAY,SACRAMENTO,CA,95835,2026,2,2026-06-16,national_panel,"7601 METRO AIR PARKWAY, SACRAMENTO, CA 95835",38.699102172188,-121.569752763795,census,2017-06-19,1.4464344449045068,114
NAT-0021,5990 NORTH CAJON BLVD,SAN BERNARDINO,CA,92408,2022,2,2022-05-18,national_panel,"5990 NORTH CAJON BLVD, SAN BERNARDINO, CA 92408",34.185713780274,-117.362603058777,census,2017-05-04,6.152492883069953,117
NAT-0022,6971 OTAY MESA RD.,SAN DIEGO,CA,92154,2026,3,2026-08-17,national_panel,"6971 OTAY MESA RD., SAN DIEGO, CA 92154",32.567964043892,-116.988689766869,census,2024-05-14,0.9164830837338911,35
NAT-0024,6201 NEWCASTLE RD,STOCKTON,CA,95215,2025,3,2025-07-01,national_panel,"6201 NEWCASTLE RD, STOCKTON, CA 95215",37.900472824808,-121.202207428053,census,2025-07-29,-0.08685970287480757,51
NAT-0025,1500 EAST GRANT LINE ROAD,TRACY,CA,95304,2025,1,2025-03-17,national_panel,"1500 EAST GRANT LINE ROAD, TRACY, CA 95304",37.754128310843,-121.406696194914,census,2022-02-08,2.2509812642371823,120
NAT-0027,28820 CHASE PLACE,VALENCIA,CA,91355,2022,3,2022-07-25,national_panel,"28820 CHASE PLACE, VALENCIA, CA 91355",34.446488163266,-118.64361837995,census,2021-12-04,1.51678184364751,116
NAT-0029,2318 WAVERLY BARN ROAD,DAVENPORT,FL,33897,2023,2,2023-05-25,national_panel,"2318 WAVERLY BARN ROAD, DAVENPORT, FL 33897",28.244680031499,-81.661491601925,census,2022-02-12,1.0733132442211821,102
NAT-0030,17030 MENTMORE BOULEVARD,LAND O LAKES,FL,34638,2022,2,2022-04-04,national_panel,"17030 MENTMORE BOULEVARD, LAND O LAKES, FL 34638",28.202968268158,-82.537592955996,census,2021-06-27,0.8345438610598831,102
NAT-0031,7469 KINGSPOINTE PARKWAY,ORLANDO,FL,32819,2024,1,2024-01-31,national_panel,"7469 KINGSPOINTE PARKWAY, ORLANDO, FL 32819",28.459405956019,-81.440655311329,census,2018-12-05,1.9300207938326852,102
NAT-0032,2906 CORPORATE WAY,PALMETTO,FL,34221,2017,4,2017-11-07,national_panel,"2906 CORPORATE WAY, PALMETTO, FL 34221",27.580534214538,-82.534884075969,census,2022-02-12,0.9653036024511364,107
NAT-0034,6384 HARNEY ROAD,TAMPA,FL,33610,2023,3,2023-08-22,national_panel,"6384 HARNEY ROAD, TAMPA, FL 33610",27.999164537636,-82.383095221566,census,2021-04-13,0.9332664992106132,97
NAT-0035,8824 E ADAMO DRIVE,TAMPA,FL,33619,2023,4,2023-11-08,national_panel,"8824 E ADAMO DRIVE, TAMPA, FL 33619",27.949404014086,-82.358388499426,census,2022-02-12,0.7219501679144379,99
NAT-0039,60 TRIPLE-B TRAIL,POOLER,GA,31322,2024,4,2024-11-12,national_panel,"60 TRIPLE-B TRAIL, POOLER, GA 31322",32.163727563582,-81.242300575795,census,2022-02-22,1.5098069677201102,109
NAT-0040,1500 CROSSGATE ROAD,PORT WENTWORTH,GA,31407,2023,1,2023-03-10,national_panel,"1500 CROSSGATE ROAD, PORT WENTWORTH, GA 31407",32.147191457154,-81.173376939429,census,2017-10-31,2.276090555590194,109
NAT-0041,4800 HIGHLANDS PARKWAY,SMYRNA,GA,30082,2019,3,2019-08-06,national_panel,"4800 HIGHLANDS PARKWAY, SMYRNA, GA 30082",33.828178467325,-84.508297425757,census,2022-02-28,2.6226404400428,107
NAT-0042,2255 WEST PARK PLACE BLVD.,STONE MOUNTAIN,GA,30087,2022,1,2022-03-09,national_panel,"2255 WEST PARK PLACE BLVD., STONE MOUNTAIN, GA 30087",33.815009582848,-84.114976587,census,2023-12-07,1.3186837701283554,48
NAT-0043,2101 AUIKI STREET,HONOLULU,HI,96819,2025,2,2025-06-05,national_panel,"2101 AUIKI STREET, HONOLULU, HI 96819",21.321711146037,-157.887595850631,census,2022-06-04,0.7098826705548386,89
NAT-0044,1301 SE GATEWAY DRIVE,GRIMES,IA,50111,2025,1,2025-01-14,national_panel,"1301 SE GATEWAY DRIVE, GRIMES, IA 50111",41.679133011353,-93.77756712209,census,2022-01-26,0.6473776937116933,108
NAT-0045,5510 FLAUGH ROAD,FORT WAYNE,IN,46818,2025,4,2025-11-21,national_panel,"5510 FLAUGH ROAD, FORT WAYNE, IN 46818",41.128693511605,-85.226297115045,census,2017-11-29,0.6233509332904786,92
NAT-0048,2305 LITTON LANE,HEBRON,KY,41048,2020,2,2020-06-09,national_panel,"2305 LITTON LANE, HEBRON, KY 41048",39.076199257133,-84.716470168523,census,2020-11-08,1.6068364069427834,117
NAT-0049,1180 NEWTOWN PIKE,LEXINGTON,KY,40511,2025,4,2025-10-23,national_panel,"1180 NEWTOWN PIKE, LEXINGTON, KY 40511",38.081030204909,-84.49225192956,census,2021-08-27,1.9227301020836716,96
NAT-0050,351 MAPLE STREET,BELLINGHAM,MA,02019,2025,3,2025-07-23,national_panel,"351 MAPLE STREET, BELLINGHAM, MA 02019",42.095616871663,-71.45065109894,census,2022-04-02,1.257049505292605,57
NAT-0051,201 BEACHAM STREET,EVERETT,MA,02149,2020,1,2020-02-21,national_panel,"201 BEACHAM STREET, EVERETT, MA 02149",42.394297249377,-71.055648806986,census,2026-02-27,1.5305360811793047,53
NAT-0053,515 DOUGLAS STREET,UXBRIDGE,MA,01569,2026,3,2026-08-04,national_panel,"515 DOUGLAS STREET, UXBRIDGE, MA 01569",42.070046450446,-71.659411303452,census,2022-10-21,0.7701998038662698,57
NAT-0054,110 FORDHAM ROAD,WILMINGTON,MA,01887,2023,4,2023-11-21,national_panel,"110 FORDHAM ROAD, WILMINGTON, MA 01887",42.56251520792,-71.138315793704,census,2022-02-06,2.1724672009617065,120
NAT-0055,913 OLD PHILADELPHIA ROAD,ABERDEEN,MD,21001,2024,1,2024-01-24,national_panel,"913 OLD PHILADELPHIA ROAD, ABERDEEN, MD 21001",39.490307975192,-76.183370395332,census,2022-02-09,1.9696346147381005,111
NAT-0056,2203 LAKESIDE BOULEVARD,EDGEWOOD,MD,21040,2020,4,2020-12-23,national_panel,"2203 LAKESIDE BOULEVARD, EDGEWOOD, MD 21040",39.449137977781,-76.317098331679,census,2026-01-29,2.2033583847869003,111
NAT-0057,7200 DORSEY RUN ROAD,ELKRIDGE,MD,21075,2022,3,2022-07-06,national_panel,"7200 DORSEY RUN ROAD, ELKRIDGE, MD 21075",39.178142018039,-76.755437480851,census,2022-02-09,1.679975687716217,111
NAT-0058,5501 HOLABIRD AVENUE,HIGHLANDTOWN,MD,21224,2018,3,2018-09-10,national_panel,"5501 HOLABIRD AVENUE, HIGHLANDTOWN, MD 21224",39.271833858318,-76.549069103003,census,2026-01-29,1.434613546078156,111
NAT-0059,1400 E 10 MILE RD SUITE 190,HAZEL PARK,MI,48030,2025,4,2025-10-02,national_panel,"1400 E 10 MILE RD SUITE 190, HAZEL PARK, MI 48030",42.47620519667,-83.091927851062,census,2021-01-29,1.1394005775423164,89
NAT-0060,550 W. WESTERN AVE,MUSKEGON,MI,49440,2016,1,2016-03-09,national_panel,"550 W. WESTERN AVE, MUSKEGON, MI 49440",43.233448345512,-86.256413882665,census,2022-01-15,2.024068469592116,100
NAT-0061,10440 89TH AVE N,OSSEO,MN,55369,2021,3,2021-08-05,national_panel,"10440 89TH AVE N, OSSEO, MN 55369",45.116316299293,-93.414794377398,census,2022-12-07,0.5453652148524859,58
NAT-0062,3130 LEXINGTON AVE S,SAINT PAUL,MN,55121,2023,2,2023-05-26,national_panel,"3130 LEXINGTON AVE S, SAINT PAUL, MN 55121",44.843673811166,-93.146715928783,census,2022-01-24,0.9318567797173138,116
NAT-0063,8850 SPRINGDALE AVENUE,BERKELEY,MO,63134,2025,1,2025-01-14,national_panel,"8850 SPRINGDALE AVENUE, BERKELEY, MO 63134",38.725005847021,-90.324823742845,census,2025-01-27,0.07443126196582384,37
NAT-0064,2400 NORTHEAST CORONADO DRIVE,BLUE SPRINGS,MO,64029,2022,4,2022-10-25,national_panel,"2400 NORTHEAST CORONADO DRIVE, BLUE SPRINGS, MO 64029",39.025628845793,-94.237909172644,census,2022-01-26,1.338503003654886,108
NAT-0065,7929 NATIONAL SERVICE RD,COLFAX,NC,27235,2023,2,2023-04-27,national_panel,"7929 NATIONAL SERVICE RD, COLFAX, NC 27235",36.084656311502,-79.979550903276,census,2022-02-12,1.2919480930126432,106
NAT-0066,413 GOODMAN ROAD,CONCORD,NC,28027,2023,1,2023-02-16,national_panel,"413 GOODMAN ROAD, CONCORD, NC 28027",35.408791247652,-80.697163262092,census,2019-08-22,4.878535979944465,101
NAT-0067,1275 PERSON STREET,DURHAM,NC,27703,2024,1,2024-03-07,national_panel,"1275 PERSON STREET, DURHAM, NC 27703",35.966711937146,-78.875262282807,census,2022-02-02,1.0081175238114393,109
NAT-0068,1201 N GREENFIELD PARKWAY,GARNER,NC,27529,2026,3,2026-07-06,national_panel,"1201 N GREENFIELD PARKWAY, GARNER, NC 27529",35.697137468693,-78.568986331918,census,2022-02-09,4.324482315078756,95
NAT-0069,310 N. PRAGUE AVENUE,EGG HARBOR CITY,NJ,08215,2021,4,2021-10-27,national_panel,"310 N. PRAGUE AVENUE, EGG HARBOR CITY, NJ 08215",39.541387828692,-74.542439423067,census,2022-02-21,3.615079207069814,118
NAT-0071,12300 SOUTH BERMUDA ROAD,HENDERSON,NV,89044,2021,3,2021-08-24,national_panel,"12300 SOUTH BERMUDA ROAD, HENDERSON, NV 89044",35.970165445646,-115.154692390419,census,2022-02-19,3.28105820869107,122
NAT-0073,500 HUDSON VALLEY AVENUE,NEW WINDSOR,NY,12553,2022,3,2022-07-18,national_panel,"500 HUDSON VALLEY AVENUE, NEW WINDSOR, NY 12553",41.48798944208,-74.103514252235,census,2022-03-16,0.6797412973031112,58
NAT-0074,2450 ROMIG ROAD,AKRON,OH,44320,2022,4,2022-10-07,national_panel,"2450 ROMIG ROAD, AKRON, OH 44320",41.047851985381,-81.58088412866,census,2022-01-31,2.370013555726447,107
NAT-0075,6465 BUSCH BOULEVARD,COLUMBUS,OH,43229,2022,3,2022-09-09,national_panel,"6465 BUSCH BOULEVARD, COLUMBUS, OH 43229",40.097419341,-82.993599874687,census,2021-02-03,1.5310749111579638,98
NAT-0076,5585 CANAL ROAD,VALLEY VIEW,OH,44125,2026,2,2026-05-21,national_panel,"5585 CANAL ROAD, VALLEY VIEW, OH 44125",41.410587019831,-81.628760862715,census,2021-11-07,2.047729472751949,107
NAT-0077,3108 NE 230TH AVE,FAIRVIEW,OR,97024,2021,3,2021-09-23,national_panel,"3108 NE 230TH AVE, FAIRVIEW, OR 97024",45.543232395033,-122.426259396979,census,2017-08-26,1.950126746993834,106
NAT-0078,3610 NW SAINT HELENS RD,PORTLAND,OR,97210,2017,4,2017-12-21,national_panel,"3610 NW SAINT HELENS RD, PORTLAND, OR 97210",45.5496660247,-122.72755911717,census,2022-01-25,1.6756356196790154,106
NAT-0080,21409 SW 115TH AVE,TUALATIN,OR,97062,2022,1,2022-01-21,national_panel,"21409 SW 115TH AVE, TUALATIN, OR 97062",45.367692321178,-122.795497088269,census,2022-01-25,1.9550816311610724,106
NAT-0081,177 MCCLAREN ROAD,CORAOPOLIS,PA,15108,2023,1,2023-02-08,national_panel,"177 MCCLAREN ROAD, CORAOPOLIS, PA 15108",40.462437089873,-80.220511790607,census,2022-02-20,2.4086739335668965,82
NAT-0082,2424 WEST 23RD STREET,ERIE,PA,16506,2025,4,2025-10-22,national_panel,"2424 WEST 23RD STREET, ERIE, PA 16506",42.094490856305,-80.129491836951,census,2022-01-31,0.7768613151240317,80
NAT-0083,45 VALLEY VIEW DRIVE,JESSUP,PA,18434,2023,2,2023-06-15,national_panel,"45 VALLEY VIEW DRIVE, JESSUP, PA 18434",41.460426081503,-75.549948978618,census,2025-12-12,0.7780951563847616,105
NAT-0084,360 INDEPENDENCE AVE,MECHANICSBURG,PA,17055,2024,2,2024-05-29,national_panel,"360 INDEPENDENCE AVE, MECHANICSBURG, PA 17055",40.199196004057,-76.978699352685,census,2022-01-08,0.9353114055179853,119
NAT-0085,3327 EAST HARRISBURG PIKE,MIDDLETOWN,PA,17057,2024,4,2024-12-12,national_panel,"3327 EAST HARRISBURG PIKE, MIDDLETOWN, PA 17057",40.182772761753,-76.672837171618,census,2016-10-18,0.9205699741476129,119
NAT-0086,7575 BREWSTER AVE,PHILADELPHIA,PA,19153,2021,3,2021-09-16,national_panel,"7575 BREWSTER AVE, PHILADELPHIA, PA 19153",39.902501799238,-75.232511747581,census,2022-01-30,0.9233672960997857,106
NAT-0087,4219 RICHMOND STREET,PHILADELPHIA,PA,19137,2024,4,2024-10-21,national_panel,"4219 RICHMOND STREET, PHILADELPHIA, PA 19137",39.995303047957,-75.077289049693,census,2022-01-30,1.3468451181745715,106
NAT-0088,115 DUPONT DR.,PROVIDENCE,RI,02907,2024,1,2024-03-21,national_panel,"115 DUPONT DR., PROVIDENCE, RI 02907",41.800003422989,-71.435450036157,census,2025-12-16,1.3102065073846925,57
NAT-0089,9801 HWY 78,LADSON,SC,29456,2024,2,2024-05-22,national_panel,"9801 HWY 78, LADSON, SC 29456",32.995794252449,-80.110037426456,census,2022-02-02,2.2530895735644774,112
NAT-0091,2303 HURRICANE LANE,FRESNO,TX,77545,2022,1,2022-02-01,national_panel,"2303 HURRICANE LANE, FRESNO, TX 77545",29.55263895022,-95.502308420613,census,2021-01-31,1.8902084543987436,117
NAT-0092,3002 EAST MUNICIPAL DRIVE,LUBBOCK,TX,79403,2022,3,2022-07-29,national_panel,"3002 EAST MUNICIPAL DRIVE, LUBBOCK, TX 79403",33.618276990803,-101.806192053178,census,2026-02-03,1.1171485721090788,34
NAT-0093,6558 E CAMPUS DR BUILDING 2,SAN ANTONIO,TX,78247,2019,2,2019-06-06,national_panel,"6558 E CAMPUS DR BUILDING 2, SAN ANTONIO, TX 78247",29.600288985637,-98.359958915135,census,2022-02-08,2.800484762983558,105
NAT-0094,1222 S 500 E,AMERICAN FORK,UT,84003,2022,4,2022-12-08,national_panel,"1222 S 500 E, AMERICAN FORK, UT 84003",40.352455180691,-111.78560866217,census,2022-01-30,2.340802089276055,73
NAT-0096,5420 JOHN CANNON DR STE 500,SALT LAKE CITY,UT,84116,2023,4,2023-10-17,national_panel,"5420 JOHN CANNON DR STE 500, SALT LAKE CITY, UT 84116",40.787475478103,-112.017498368476,census,2021-12-21,0.32896829172376885,73
NAT-0098,7001 NEW BINGHAM HIGHWAY,WEST JORDAN,UT,84081,2023,2,2023-06-28,national_panel,"7001 NEW BINGHAM HIGHWAY, WEST JORDAN, UT 84081",40.58228306695,-112.048072893644,census,2024-01-30,0.10891891601529544,38
NAT-0099,AMAZON XR13 4949 COMMERCE RD,RICHMOND,VA,23234,2026,2,2026-05-27,national_panel,"AMAZON XR13 4949 COMMERCE RD, RICHMOND, VA 23234",37.459360953747,-77.427197262026,census,2022-02-09,2.424088864356441,108
NAT-0100,2002 BLUE HILLS DRIVE NE,ROANOKE,VA,24012,2025,1,2025-02-25,national_panel,"2002 BLUE HILLS DRIVE NE, ROANOKE, VA 24012",37.304644214705,-79.907302008769,census,2022-03-04,1.060621040976224,89
NAT-0101,2022 ASHLAND ROAD,ROCKVILLE,VA,23146,2026,3,2026-08-25,national_panel,"2022 ASHLAND ROAD, ROCKVILLE, VA 23146",37.69406743778,-77.663448188746,census,2025-11-13,0.8754871223523276,49
NAT-0102,2712 WEST MAIN STREET,WAYNESBORO,VA,22980,2026,1,2026-03-02,national_panel,"2712 WEST MAIN STREET, WAYNESBORO, VA 22980",38.080981447926,-78.926220308578,census,2022-01-08,1.662060366952621,92
NAT-0103,7555 AIRPORT WAY SW,BREMERTON,WA,98312,2024,3,2024-08-22,national_panel,"7555 AIRPORT WAY SW, BREMERTON, WA 98312",47.501108906028,-122.751572244304,census,2021-12-31,1.7613394582638804,100
NAT-0104,3300 HOGUM BAY RD NE,LACEY,WA,98516,2022,1,2022-03-17,national_panel,"3300 HOGUM BAY RD NE, LACEY, WA 98516",47.079446067107,-122.765225966818,census,2021-12-31,1.6485480138046729,100
B1-006,800 S 75TH AVE,PHOENIX,AZ,85043,,,2017-06-02,batch1_unlabelled,"800 S 75TH AVE, PHOENIX, AZ 85043",33.440324998422,-112.221232155326,census,2022-02-11,5.196628536656265,107
B1-008,300 BOONE DRIVE.,AMERICAN CANYON,CA,94503,,,2023-04-28,batch1_unlabelled,"300 BOONE DRIVE., AMERICAN CANYON, CA 94503",38.202375921827,-122.273666228284,census,2022-04-24,1.437992181356087,118
B1-009,1601 PETROL ROAD,BAKERSFIELD,CA,93308,,,2022-08-15,batch1_unlabelled,"1601 PETROL ROAD, BAKERSFIELD, CA 93308",35.44850696675,-119.046733418965,census,2025-05-27,0.2743998791401292,53
B1-011,3388 SOUTH CACTUS AVENUE,BLOOMINGTON,CA,92316,,,2023-05-02,batch1_unlabelled,"3388 SOUTH CACTUS AVENUE, BLOOMINGTON, CA 92316",34.043273441882,-117.383380606225,census,2022-02-07,2.557797816277152,117
B1-013,3001 MISSION OAKS BOULEVARD,CAMARILLO,CA,93012,,,2025-11-21,batch1_unlabelled,"3001 MISSION OAKS BOULEVARD, CAMARILLO, CA 93012",34.216807197027,-119.032710437375,census,2021-12-12,4.545960220664933,85
B1-014,20730 PRAIRIE STREET,CHATSWORTH,CA,91311,,,2022-08-08,batch1_unlabelled,"20730 PRAIRIE STREET, CHATSWORTH, CA 91311",34.240851847103,-118.584864104699,census,2022-02-07,2.1892131708056297,116
B1-015,9031 LURLINE AVE.,CHATSWORTH,CA,91311,,,2020-11-04,batch1_unlabelled,"9031 LURLINE AVE., CHATSWORTH, CA 91311",34.234414246286,-118.584259776303,census,2022-02-07,2.668406480293491,116
B1-016,15930 VALLEY BOULEVARD,CITY OF INDUSTRY,CA,91744,,,2022-06-14,batch1_unlabelled,"15930 VALLEY BOULEVARD, CITY OF INDUSTRY, CA 91744",34.016319548203,-117.953911771938,census,2022-02-07,3.4494057642948164,117
B1-022,2325 S. CEDAR AVE,FRESNO,CA,93725,,,2022-05-19,batch1_unlabelled,"2325 S. CEDAR AVE, FRESNO, CA 93725",36.716838591354,-119.754591226054,census,2026-02-04,1.0183974493899595,55
B1-024,2815 W. EL SEGUNDO BLVD.,HOLLYGLEN,CA,90250,,,2017-12-29,batch1_unlabelled,"2815 W. EL SEGUNDO BLVD., HOLLYGLEN, CA 90250",33.916523610944,-118.323115848298,census,2022-02-07,1.6276597881891117,116
B1-027,25725 JERONIMO ROAD,MISSION VIEJO,CA,92691,,,2021-09-23,batch1_unlabelled,"25725 JERONIMO ROAD, MISSION VIEJO, CA 92691",33.620717332679,-117.680683183189,census,2022-02-07,5.686438541924845,117
B1-028,3731 FINCH ROAD,MODESTO,CA,95357,,,2020-05-21,batch1_unlabelled,"3731 FINCH ROAD, MODESTO, CA 95357",37.625106629919,-120.925718314605,census,2026-02-12,0.6298956604410343,53
B1-031,5800 COLISEUM WAY,OAKLAND,CA,94621,,,2023-06-06,batch1_unlabelled,"5800 COLISEUM WAY, OAKLAND, CA 94621",37.760997608089,-122.211071255564,census,2022-02-28,3.4545674835759757,104
B1-038,2496 W. WALNUT AVENUE,RIALTO,CA,92376,,,2020-05-18,batch1_unlabelled,"2496 W. WALNUT AVENUE, RIALTO, CA 92376",34.128562290503,-117.424547242976,census,2026-02-21,2.164463057053567,117
B1-039,6045 GIANT HWY,RICHMOND,CA,94806,,,2025-02-28,batch1_unlabelled,"6045 GIANT HWY, RICHMOND, CA 94806",37.980001163604,-122.352845325713,census,2022-02-08,3.489713735546241,119
B1-041,7601 FOOTHILLS BLVD,ROSEVILLE,CA,95747,,,2022-01-18,batch1_unlabelled,"7601 FOOTHILLS BLVD, ROSEVILLE, CA 95747",38.783377050046,-121.313694330953,census,2025-06-19,0.0793550445676292,53
B1-043,7601 METRO AIR PARKWAY,SACRAMENTO,CA,95835,,,2026-06-16,batch1_unlabelled,"7601 METRO AIR PARKWAY, SACRAMENTO, CA 95835",38.699102172188,-121.569752763795,census,2017-06-19,1.4464344449045068,114
B1-046,5990 NORTH CAJON BLVD,SAN BERNARDINO,CA,92408,,,2022-05-18,batch1_unlabelled,"5990 NORTH CAJON BLVD, SAN BERNARDINO, CA 92408",34.185713780274,-117.362603058777,census,2017-05-04,6.152492883069953,117
B1-047,6971 OTAY MESA RD.,SAN DIEGO,CA,92154,,,2026-08-17,batch1_unlabelled,"6971 OTAY MESA RD., SAN DIEGO, CA 92154",32.567964043892,-116.988689766869,census,2024-05-14,0.9164830837338911,35
B1-053,6201 NEWCASTLE RD,STOCKTON,CA,95215,,,2025-07-01,batch1_unlabelled,"6201 NEWCASTLE RD, STOCKTON, CA 95215",37.900472824808,-121.202207428053,census,2025-07-29,-0.08685970287480757,51
B1-054,1500 EAST GRANT LINE ROAD,TRACY,CA,95304,,,2025-03-17,batch1_unlabelled,"1500 EAST GRANT LINE ROAD, TRACY, CA 95304",37.754128310843,-121.406696194914,census,2022-02-08,2.2509812642371823,120
B1-060,4800 MIDWAY ROAD,VACAVILLE,CA,95688,,,2025-08-04,batch1_unlabelled,"4800 MIDWAY ROAD, VACAVILLE, CA 95688",38.416995672279,-121.948307152443,census,2020-05-24,1.9115013064086235,115
B1-061,920 EUBANKS DRIVE,VACAVILLE,CA,95688,,,2026-02-27,batch1_unlabelled,"920 EUBANKS DRIVE, VACAVILLE, CA 95688",38.416151202412,-121.954799574836,census,2022-04-24,1.5172357199013544,115
B1-062,28820 CHASE PLACE,VALENCIA,CA,91355,,,2022-07-25,batch1_unlabelled,"28820 CHASE PLACE, VALENCIA, CA 91355",34.446488163266,-118.64361837995,census,2021-12-04,1.51678184364751,116
